file,line,type,commit,author,date,time,timezone,datetime,depth,length
style.css,1,css,a901d952,Francisco,2026-04-18,20:09:03,-07:00,2026-04-18T20:09:03-07:00,0,4
style.css,2,css,a901d952,Francisco,2026-04-18,20:09:03,-07:00,2026-04-18T20:09:03-07:00,1,23
style.css,3,css,a901d952,Francisco,2026-04-18,20:09:03,-07:00,2026-04-18T20:09:03-07:00,1,31
style.css,4,css,a901d952,Francisco,2026-04-18,20:09:03,-07:00,2026-04-18T20:09:03-07:00,1,32
style.css,5,css,f4e4bc6d,Francisco,2026-04-03,20:14:00,-07:00,2026-04-03T20:14:00-07:00,0,0
style.css,6,css,f4e4bc6d,Francisco,2026-04-03,20:14:00,-07:00,2026-04-03T20:14:00-07:00,0,0
style.css,7,css,a901d952,Francisco,2026-04-18,20:09:03,-07:00,2026-04-18T20:09:03-07:00,0,4
style.css,8,css,a901d952,Francisco,2026-04-18,20:09:03,-07:00,2026-04-18T20:09:03-07:00,1,17
style.css,9,css,a901d952,Francisco,2026-04-18,20:09:03,-07:00,2026-04-18T20:09:03-07:00,1,23
style.css,10,css,a901d952,Francisco,2026-04-18,20:09:03,-07:00,2026-04-18T20:09:03-07:00,1,15
style.css,11,css,a901d952,Francisco,2026-04-18,20:09:03,-07:00,2026-04-18T20:09:03-07:00,1,18
style.css,12,css,a901d952,Francisco,2026-04-18,20:09:03,-07:00,2026-04-18T20:09:03-07:00,1,11
style.css,13,css,43caee3c,Francisco,2026-04-10,20:54:44,-07:00,2026-04-10T20:54:44-07:00,0,0
style.css,14,css,66b1398f,Francisco,2026-04-10,21:02:47,-07:00,2026-04-10T21:02:47-07:00,0,0
style.css,15,css,a901d952,Francisco,2026-04-18,20:09:03,-07:00,2026-04-18T20:09:03-07:00,0,3
style.css,16,css,a901d952,Francisco,2026-04-18,20:09:03,-07:00,2026-04-18T20:09:03-07:00,1,15
style.css,17,css,43caee3c,Francisco,2026-04-10,20:54:44,-07:00,2026-04-10T20:54:44-07:00,0,0
style.css,18,css,43caee3c,Francisco,2026-04-10,20:54:44,-07:00,2026-04-10T20:54:44-07:00,0,0
style.css,19,css,43caee3c,Francisco,2026-04-10,20:54:44,-07:00,2026-04-10T20:54:44-07:00,0,3
style.css,20,css,a901d952,Francisco,2026-04-18,20:09:03,-07:00,2026-04-18T20:09:03-07:00,1,12
style.css,21,css,a901d952,Francisco,2026-04-18,20:09:03,-07:00,2026-04-18T20:09:03-07:00,1,17
style.css,22,css,a901d952,Francisco,2026-04-18,20:09:03,-07:00,2026-04-18T20:09:03-07:00,1,48
style.css,23,css,43caee3c,Francisco,2026-04-10,20:54:44,-07:00,2026-04-10T20:54:44-07:00,0,0
style.css,24,css,43caee3c,Francisco,2026-04-10,20:54:44,-07:00,2026-04-10T20:54:44-07:00,0,0
style.css,25,css,43caee3c,Francisco,2026-04-10,20:54:44,-07:00,2026-04-10T20:54:44-07:00,0,5
style.css,26,css,a901d952,Francisco,2026-04-18,20:09:03,-07:00,2026-04-18T20:09:03-07:00,1,6
style.css,27,css,a901d952,Francisco,2026-04-18,20:09:03,-07:00,2026-04-18T20:09:03-07:00,1,20
style.css,28,css,a901d952,Francisco,2026-04-18,20:09:03,-07:00,2026-04-18T20:09:03-07:00,1,13
style.css,29,css,a901d952,Francisco,2026-04-18,20:09:03,-07:00,2026-04-18T20:09:03-07:00,1,17
style.css,30,css,a901d952,Francisco,2026-04-18,20:09:03,-07:00,2026-04-18T20:09:03-07:00,1,13
style.css,31,css,43caee3c,Francisco,2026-04-10,20:54:44,-07:00,2026-04-10T20:54:44-07:00,0,0
style.css,32,css,43caee3c,Francisco,2026-04-10,20:54:44,-07:00,2026-04-10T20:54:44-07:00,0,0
style.css,33,css,43caee3c,Francisco,2026-04-10,20:54:44,-07:00,2026-04-10T20:54:44-07:00,0,11
style.css,34,css,a901d952,Francisco,2026-04-18,20:09:03,-07:00,2026-04-18T20:09:03-07:00,1,45
style.css,35,css,a901d952,Francisco,2026-04-18,20:09:03,-07:00,2026-04-18T20:09:03-07:00,1,20
style.css,36,css,43caee3c,Francisco,2026-04-10,20:54:44,-07:00,2026-04-10T20:54:44-07:00,0,0
style.css,37,css,43caee3c,Francisco,2026-04-10,20:54:44,-07:00,2026-04-10T20:54:44-07:00,0,0
style.css,38,css,43caee3c,Francisco,2026-04-10,20:54:44,-07:00,2026-04-10T20:54:44-07:00,0,13
style.css,39,css,a901d952,Francisco,2026-04-18,20:09:03,-07:00,2026-04-18T20:09:03-07:00,1,50
style.css,40,css,a901d952,Francisco,2026-04-18,20:09:03,-07:00,2026-04-18T20:09:03-07:00,1,20
style.css,41,css,a901d952,Francisco,2026-04-18,20:09:03,-07:00,2026-04-18T20:09:03-07:00,1,16
style.css,42,css,c5459274,Francisco,2026-04-10,20:56:35,-07:00,2026-04-10T20:56:35-07:00,0,0
style.css,43,css,66b1398f,Francisco,2026-04-10,21:02:47,-07:00,2026-04-10T21:02:47-07:00,0,0
style.css,44,css,c5459274,Francisco,2026-04-10,20:56:35,-07:00,2026-04-10T20:56:35-07:00,0,4
style.css,45,css,a901d952,Francisco,2026-04-18,20:09:03,-07:00,2026-04-18T20:09:03-07:00,1,12
style.css,46,css,a901d952,Francisco,2026-04-18,20:09:03,-07:00,2026-04-18T20:09:03-07:00,1,30
style.css,47,css,a901d952,Francisco,2026-04-18,20:09:03,-07:00,2026-04-18T20:09:03-07:00,1,7
style.css,48,css,c5459274,Francisco,2026-04-10,20:56:35,-07:00,2026-04-10T20:56:35-07:00,0,0
style.css,49,css,c5459274,Francisco,2026-04-10,20:56:35,-07:00,2026-04-10T20:56:35-07:00,0,0
style.css,50,css,c5459274,Francisco,2026-04-10,20:56:35,-07:00,2026-04-10T20:56:35-07:00,0,10
style.css,51,css,a901d952,Francisco,2026-04-18,20:09:03,-07:00,2026-04-18T20:09:03-07:00,1,12
style.css,52,css,a901d952,Francisco,2026-04-18,20:09:03,-07:00,2026-04-18T20:09:03-07:00,1,29
style.css,53,css,a901d952,Francisco,2026-04-18,20:09:03,-07:00,2026-04-18T20:09:03-07:00,1,18
style.css,54,css,c5459274,Francisco,2026-04-10,20:56:35,-07:00,2026-04-10T20:56:35-07:00,0,0
style.css,55,css,c5459274,Francisco,2026-04-10,20:56:35,-07:00,2026-04-10T20:56:35-07:00,0,0
style.css,56,css,a901d952,Francisco,2026-04-18,20:09:03,-07:00,2026-04-18T20:09:03-07:00,0,23
style.css,57,css,a901d952,Francisco,2026-04-18,20:09:03,-07:00,2026-04-18T20:09:03-07:00,1,12
style.css,58,css,a901d952,Francisco,2026-04-18,20:09:03,-07:00,2026-04-18T20:09:03-07:00,1,10
style.css,59,css,a901d952,Francisco,2026-04-18,20:09:03,-07:00,2026-04-18T20:09:03-07:00,1,21
style.css,60,css,c5459274,Francisco,2026-04-10,20:56:35,-07:00,2026-04-10T20:56:35-07:00,0,0
style.css,61,css,c5459274,Francisco,2026-04-10,20:56:35,-07:00,2026-04-10T20:56:35-07:00,0,0
style.css,62,css,a901d952,Francisco,2026-04-18,20:09:03,-07:00,2026-04-18T20:09:03-07:00,0,6
style.css,63,css,a901d952,Francisco,2026-04-18,20:09:03,-07:00,2026-04-18T20:09:03-07:00,1,18
style.css,64,css,66b1398f,Francisco,2026-04-10,21:02:47,-07:00,2026-04-10T21:02:47-07:00,0,0
style.css,65,css,66b1398f,Francisco,2026-04-10,21:02:47,-07:00,2026-04-10T21:02:47-07:00,0,0
style.css,66,css,66b1398f,Francisco,2026-04-10,21:02:47,-07:00,2026-04-10T21:02:47-07:00,0,9
style.css,67,css,a901d952,Francisco,2026-04-18,20:09:03,-07:00,2026-04-18T20:09:03-07:00,1,12
style.css,68,css,a901d952,Francisco,2026-04-18,20:09:03,-07:00,2026-04-18T20:09:03-07:00,1,59
style.css,69,css,a901d952,Francisco,2026-04-18,20:09:03,-07:00,2026-04-18T20:09:03-07:00,1,7
style.css,70,css,66b1398f,Francisco,2026-04-10,21:02:47,-07:00,2026-04-10T21:02:47-07:00,0,0
style.css,71,css,66b1398f,Francisco,2026-04-10,21:02:47,-07:00,2026-04-10T21:02:47-07:00,0,0
style.css,72,css,c5cedf13,Francisco,2026-04-10,21:05:01,-07:00,2026-04-10T21:05:01-07:00,0,11
style.css,73,css,a901d952,Francisco,2026-04-18,20:09:03,-07:00,2026-04-18T20:09:03-07:00,1,45
style.css,74,css,a901d952,Francisco,2026-04-18,20:09:03,-07:00,2026-04-18T20:09:03-07:00,1,15
style.css,75,css,a901d952,Francisco,2026-04-18,20:09:03,-07:00,2026-04-18T20:09:03-07:00,1,14
style.css,76,css,a901d952,Francisco,2026-04-18,20:09:03,-07:00,2026-04-18T20:09:03-07:00,0,0
style.css,77,css,a901d952,Francisco,2026-04-18,20:09:03,-07:00,2026-04-18T20:09:03-07:00,0,13
style.css,78,css,a901d952,Francisco,2026-04-18,20:09:03,-07:00,2026-04-18T20:09:03-07:00,1,17
style.css,79,css,a901d952,Francisco,2026-04-18,20:09:03,-07:00,2026-04-18T20:09:03-07:00,1,8
style.css,80,css,a901d952,Francisco,2026-04-18,20:09:03,-07:00,2026-04-18T20:09:03-07:00,1,10
style.css,81,css,a901d952,Francisco,2026-04-18,20:09:03,-07:00,2026-04-18T20:09:03-07:00,1,13
style.css,82,css,a901d952,Francisco,2026-04-18,20:09:03,-07:00,2026-04-18T20:09:03-07:00,1,19
style.css,83,css,ac458d32,Francisco,2026-05-01,20:17:44,-06:00,2026-05-01T20:17:44-06:00,0,0
style.css,84,css,ac458d32,Francisco,2026-05-01,20:17:44,-06:00,2026-05-01T20:17:44-06:00,0,18
style.css,85,css,ac458d32,Francisco,2026-05-01,20:17:44,-06:00,2026-05-01T20:17:44-06:00,1,14
style.css,86,css,ac458d32,Francisco,2026-05-01,20:17:44,-06:00,2026-05-01T20:17:44-06:00,1,16
style.css,87,css,ac458d32,Francisco,2026-05-01,20:17:44,-06:00,2026-05-01T20:17:44-06:00,1,16
style.css,88,css,ac458d32,Francisco,2026-05-01,20:17:44,-06:00,2026-05-01T20:17:44-06:00,0,0
style.css,89,css,ac458d32,Francisco,2026-05-01,20:17:44,-06:00,2026-05-01T20:17:44-06:00,0,0
style.css,90,css,ac458d32,Francisco,2026-05-01,20:17:44,-06:00,2026-05-01T20:17:44-06:00,0,10
style.css,91,css,ac458d32,Francisco,2026-05-01,20:17:44,-06:00,2026-05-01T20:17:44-06:00,1,12
style.css,92,css,ac458d32,Francisco,2026-05-01,20:17:44,-06:00,2026-05-01T20:17:44-06:00,1,18
style.css,93,css,ac458d32,Francisco,2026-05-01,20:17:44,-06:00,2026-05-01T20:17:44-06:00,1,7
style.css,94,css,ac458d32,Francisco,2026-05-01,20:17:44,-06:00,2026-05-01T20:17:44-06:00,0,0
style.css,95,css,ac458d32,Francisco,2026-05-01,20:17:44,-06:00,2026-05-01T20:17:44-06:00,0,0
style.css,96,css,ac458d32,Francisco,2026-05-01,20:17:44,-06:00,2026-05-01T20:17:44-06:00,0,7
style.css,97,css,ac458d32,Francisco,2026-05-01,20:17:44,-06:00,2026-05-01T20:17:44-06:00,1,12
style.css,98,css,ac458d32,Francisco,2026-05-01,20:17:44,-06:00,2026-05-01T20:17:44-06:00,1,57
style.css,99,css,ac458d32,Francisco,2026-05-01,20:17:44,-06:00,2026-05-01T20:17:44-06:00,1,7
style.css,100,css,ac458d32,Francisco,2026-05-01,20:17:44,-06:00,2026-05-01T20:17:44-06:00,1,11
style.css,101,css,ac458d32,Francisco,2026-05-01,20:17:44,-06:00,2026-05-01T20:17:44-06:00,1,10
style.css,102,css,ac458d32,Francisco,2026-05-01,20:17:44,-06:00,2026-05-01T20:17:44-06:00,1,21
style.css,103,css,ac458d32,Francisco,2026-05-01,20:17:44,-06:00,2026-05-01T20:17:44-06:00,1,6
style.css,104,css,ac458d32,Francisco,2026-05-01,20:17:44,-06:00,2026-05-01T20:17:44-06:00,1,15
style.css,105,css,ac458d32,Francisco,2026-05-01,20:17:44,-06:00,2026-05-01T20:17:44-06:00,0,0
style.css,106,css,ac458d32,Francisco,2026-05-01,20:17:44,-06:00,2026-05-01T20:17:44-06:00,0,0
style.css,107,css,ac458d32,Francisco,2026-05-01,20:17:44,-06:00,2026-05-01T20:17:44-06:00,0,12
style.css,108,css,ac458d32,Francisco,2026-05-01,20:17:44,-06:00,2026-05-01T20:17:44-06:00,1,12
style.css,109,css,ac458d32,Francisco,2026-05-01,20:17:44,-06:00,2026-05-01T20:17:44-06:00,1,18
style.css,110,css,ac458d32,Francisco,2026-05-01,20:17:44,-06:00,2026-05-01T20:17:44-06:00,1,9
style.css,111,css,ac458d32,Francisco,2026-05-01,20:17:44,-06:00,2026-05-01T20:17:44-06:00,0,0
style.css,112,css,ac458d32,Francisco,2026-05-01,20:17:44,-06:00,2026-05-01T20:17:44-06:00,0,0
style.css,113,css,ac458d32,Francisco,2026-05-01,20:17:44,-06:00,2026-05-01T20:17:44-06:00,0,7
style.css,114,css,ac458d32,Francisco,2026-05-01,20:17:44,-06:00,2026-05-01T20:17:44-06:00,1,20
style.css,115,css,ac458d32,Francisco,2026-05-01,20:17:44,-06:00,2026-05-01T20:17:44-06:00,1,9
style.css,116,css,ac458d32,Francisco,2026-05-01,20:17:44,-06:00,2026-05-01T20:17:44-06:00,1,10
style.css,117,css,ac458d32,Francisco,2026-05-01,20:17:44,-06:00,2026-05-01T20:17:44-06:00,1,29
style.css,118,css,ac458d32,Francisco,2026-05-01,20:17:44,-06:00,2026-05-01T20:17:44-06:00,1,17
style.css,119,css,ac458d32,Francisco,2026-05-01,20:17:44,-06:00,2026-05-01T20:17:44-06:00,0,0
style.css,120,css,ac458d32,Francisco,2026-05-01,20:17:44,-06:00,2026-05-01T20:17:44-06:00,0,0
style.css,121,css,ac458d32,Francisco,2026-05-01,20:17:44,-06:00,2026-05-01T20:17:44-06:00,0,4
style.css,122,css,ac458d32,Francisco,2026-05-01,20:17:44,-06:00,2026-05-01T20:17:44-06:00,1,16
style.css,123,css,ac458d32,Francisco,2026-05-01,20:17:44,-06:00,2026-05-01T20:17:44-06:00,1,14
style.css,124,css,ac458d32,Francisco,2026-05-01,20:17:44,-06:00,2026-05-01T20:17:44-06:00,0,0
style.css,125,css,ac458d32,Francisco,2026-05-01,20:17:44,-06:00,2026-05-01T20:17:44-06:00,0,0
style.css,126,css,ac458d32,Francisco,2026-05-01,20:17:44,-06:00,2026-05-01T20:17:44-06:00,0,51
style.css,127,css,ac458d32,Francisco,2026-05-01,20:17:44,-06:00,2026-05-01T20:17:44-06:00,1,11
style.css,128,css,ac458d32,Francisco,2026-05-01,20:17:44,-06:00,2026-05-01T20:17:44-06:00,0,0
style.css,129,css,ac458d32,Francisco,2026-05-01,20:17:44,-06:00,2026-05-01T20:17:44-06:00,0,0
style.css,130,css,ac458d32,Francisco,2026-05-01,20:17:44,-06:00,2026-05-01T20:17:44-06:00,0,9
style.css,131,css,ac458d32,Francisco,2026-05-01,20:17:44,-06:00,2026-05-01T20:17:44-06:00,1,35
style.css,132,css,ac458d32,Francisco,2026-05-01,20:17:44,-06:00,2026-05-01T20:17:44-06:00,0,0
style.css,133,css,ac458d32,Francisco,2026-05-01,20:17:44,-06:00,2026-05-01T20:17:44-06:00,0,0
style.css,134,css,ac458d32,Francisco,2026-05-01,20:17:44,-06:00,2026-05-01T20:17:44-06:00,0,18
style.css,135,css,ac458d32,Francisco,2026-05-01,20:17:44,-06:00,2026-05-01T20:17:44-06:00,1,17
style.css,136,css,d94eac02,Francisco,2026-05-09,15:04:22,-07:00,2026-05-09T15:04:22-07:00,0,0
style.css,137,css,d94eac02,Francisco,2026-05-09,15:04:22,-07:00,2026-05-09T15:04:22-07:00,0,19
style.css,138,css,d94eac02,Francisco,2026-05-09,15:04:22,-07:00,2026-05-09T15:04:22-07:00,0,6
style.css,139,css,d94eac02,Francisco,2026-05-09,15:04:22,-07:00,2026-05-09T15:04:22-07:00,1,12
style.css,140,css,d94eac02,Francisco,2026-05-09,15:04:22,-07:00,2026-05-09T15:04:22-07:00,1,58
style.css,141,css,d94eac02,Francisco,2026-05-09,15:04:22,-07:00,2026-05-09T15:04:22-07:00,1,7
style.css,142,css,d94eac02,Francisco,2026-05-09,15:04:22,-07:00,2026-05-09T15:04:22-07:00,1,14
style.css,143,css,d94eac02,Francisco,2026-05-09,15:04:22,-07:00,2026-05-09T15:04:22-07:00,1,9
style.css,144,css,d94eac02,Francisco,2026-05-09,15:04:22,-07:00,2026-05-09T15:04:22-07:00,0,0
style.css,145,css,d94eac02,Francisco,2026-05-09,15:04:22,-07:00,2026-05-09T15:04:22-07:00,0,0
style.css,146,css,d94eac02,Francisco,2026-05-09,15:04:22,-07:00,2026-05-09T15:04:22-07:00,0,9
style.css,147,css,d94eac02,Francisco,2026-05-09,15:04:22,-07:00,2026-05-09T15:04:22-07:00,1,16
style.css,148,css,d94eac02,Francisco,2026-05-09,15:04:22,-07:00,2026-05-09T15:04:22-07:00,1,24
style.css,149,css,d94eac02,Francisco,2026-05-09,15:04:22,-07:00,2026-05-09T15:04:22-07:00,1,21
style.css,150,css,d94eac02,Francisco,2026-05-09,15:04:22,-07:00,2026-05-09T15:04:22-07:00,1,20
style.css,151,css,d94eac02,Francisco,2026-05-09,15:04:22,-07:00,2026-05-09T15:04:22-07:00,1,8
style.css,152,css,d94eac02,Francisco,2026-05-09,15:04:22,-07:00,2026-05-09T15:04:22-07:00,0,0
style.css,153,css,d94eac02,Francisco,2026-05-09,15:04:22,-07:00,2026-05-09T15:04:22-07:00,0,0
style.css,154,css,d94eac02,Francisco,2026-05-09,15:04:22,-07:00,2026-05-09T15:04:22-07:00,0,9
style.css,155,css,d94eac02,Francisco,2026-05-09,15:04:22,-07:00,2026-05-09T15:04:22-07:00,1,13
style.css,156,css,d94eac02,Francisco,2026-05-09,15:04:22,-07:00,2026-05-09T15:04:22-07:00,1,16
style.css,157,css,d94eac02,Francisco,2026-05-09,15:04:22,-07:00,2026-05-09T15:04:22-07:00,1,8
style.css,158,css,d94eac02,Francisco,2026-05-09,15:04:22,-07:00,2026-05-09T15:04:22-07:00,1,20
style.css,159,css,d94eac02,Francisco,2026-05-09,15:04:22,-07:00,2026-05-09T15:04:22-07:00,0,0
style.css,160,css,d94eac02,Francisco,2026-05-09,15:04:22,-07:00,2026-05-09T15:04:22-07:00,0,33
style.css,161,css,d94eac02,Francisco,2026-05-09,15:04:22,-07:00,2026-05-09T15:04:22-07:00,0,5
style.css,162,css,d94eac02,Francisco,2026-05-09,15:04:22,-07:00,2026-05-09T15:04:22-07:00,1,12
style.css,163,css,d94eac02,Francisco,2026-05-09,15:04:22,-07:00,2026-05-09T15:04:22-07:00,1,30
style.css,164,css,d94eac02,Francisco,2026-05-09,15:04:22,-07:00,2026-05-09T15:04:22-07:00,1,13
style.css,165,css,d94eac02,Francisco,2026-05-09,15:04:22,-07:00,2026-05-09T15:04:22-07:00,1,8
style.css,166,css,d94eac02,Francisco,2026-05-09,15:04:22,-07:00,2026-05-09T15:04:22-07:00,1,17
style.css,167,css,d94eac02,Francisco,2026-05-09,15:04:22,-07:00,2026-05-09T15:04:22-07:00,1,16
style.css,168,css,d94eac02,Francisco,2026-05-09,15:04:22,-07:00,2026-05-09T15:04:22-07:00,1,41
style.css,169,css,d94eac02,Francisco,2026-05-09,15:04:22,-07:00,2026-05-09T15:04:22-07:00,1,17
style.css,170,css,d94eac02,Francisco,2026-05-09,15:04:22,-07:00,2026-05-09T15:04:22-07:00,1,42
style.css,171,css,d94eac02,Francisco,2026-05-09,15:04:22,-07:00,2026-05-09T15:04:22-07:00,0,0
style.css,172,css,d94eac02,Francisco,2026-05-09,15:04:22,-07:00,2026-05-09T15:04:22-07:00,0,0
style.css,173,css,d94eac02,Francisco,2026-05-09,15:04:22,-07:00,2026-05-09T15:04:22-07:00,0,8
style.css,174,css,d94eac02,Francisco,2026-05-09,15:04:22,-07:00,2026-05-09T15:04:22-07:00,1,16
style.css,175,css,d94eac02,Francisco,2026-05-09,15:04:22,-07:00,2026-05-09T15:04:22-07:00,1,24
style.css,176,css,d94eac02,Francisco,2026-05-09,15:04:22,-07:00,2026-05-09T15:04:22-07:00,1,21
style.css,177,css,d94eac02,Francisco,2026-05-09,15:04:22,-07:00,2026-05-09T15:04:22-07:00,1,20
style.css,178,css,d94eac02,Francisco,2026-05-09,15:04:22,-07:00,2026-05-09T15:04:22-07:00,1,8
style.css,179,css,d94eac02,Francisco,2026-05-09,15:04:22,-07:00,2026-05-09T15:04:22-07:00,0,0
style.css,180,css,d94eac02,Francisco,2026-05-09,15:04:22,-07:00,2026-05-09T15:04:22-07:00,0,0
style.css,181,css,d94eac02,Francisco,2026-05-09,15:04:22,-07:00,2026-05-09T15:04:22-07:00,0,8
style.css,182,css,d94eac02,Francisco,2026-05-09,15:04:22,-07:00,2026-05-09T15:04:22-07:00,1,8
style.css,183,css,d94eac02,Francisco,2026-05-09,15:04:22,-07:00,2026-05-09T15:04:22-07:00,1,16
style.css,184,css,d94eac02,Francisco,2026-05-09,15:04:22,-07:00,2026-05-09T15:04:22-07:00,0,0
style.css,185,css,d94eac02,Francisco,2026-05-09,15:04:22,-07:00,2026-05-09T15:04:22-07:00,0,0
style.css,186,css,d94eac02,Francisco,2026-05-09,15:04:22,-07:00,2026-05-09T15:04:22-07:00,0,8
style.css,187,css,d94eac02,Francisco,2026-05-09,15:04:22,-07:00,2026-05-09T15:04:22-07:00,1,14
style.css,188,css,d94eac02,Francisco,2026-05-09,15:04:22,-07:00,2026-05-09T15:04:22-07:00,1,7
style.css,189,css,d94eac02,Francisco,2026-05-09,15:04:22,-07:00,2026-05-09T15:04:22-07:00,1,8
style.css,190,css,d94eac02,Francisco,2026-05-09,15:04:22,-07:00,2026-05-09T15:04:22-07:00,0,0
style.css,191,css,d94eac02,Francisco,2026-05-09,15:04:22,-07:00,2026-05-09T15:04:22-07:00,0,0
style.css,192,css,d94eac02,Francisco,2026-05-09,15:04:22,-07:00,2026-05-09T15:04:22-07:00,0,40
style.css,193,css,d94eac02,Francisco,2026-05-09,15:04:22,-07:00,2026-05-09T15:04:22-07:00,1,9
style.css,194,css,d94eac02,Francisco,2026-05-09,15:04:22,-07:00,2026-05-09T15:04:22-07:00,1,17
style.css,195,css,d94eac02,Francisco,2026-05-09,15:04:22,-07:00,2026-05-09T15:04:22-07:00,0,0
style.css,196,css,d94eac02,Francisco,2026-05-09,15:04:22,-07:00,2026-05-09T15:04:22-07:00,0,0
style.css,197,css,d94eac02,Francisco,2026-05-09,15:04:22,-07:00,2026-05-09T15:04:22-07:00,0,6
style.css,198,css,d94eac02,Francisco,2026-05-09,15:04:22,-07:00,2026-05-09T15:04:22-07:00,1,16
style.css,199,css,d94eac02,Francisco,2026-05-09,15:04:22,-07:00,2026-05-09T15:04:22-07:00,1,23
style.css,200,css,d94eac02,Francisco,2026-05-09,15:04:22,-07:00,2026-05-09T15:04:22-07:00,1,22
style.css,201,css,d94eac02,Francisco,2026-05-09,15:04:22,-07:00,2026-05-09T15:04:22-07:00,0,0
style.css,202,css,d94eac02,Francisco,2026-05-09,15:04:22,-07:00,2026-05-09T15:04:22-07:00,0,0
style.css,203,css,d94eac02,Francisco,2026-05-09,15:04:22,-07:00,2026-05-09T15:04:22-07:00,0,12
style.css,204,css,d94eac02,Francisco,2026-05-09,15:04:22,-07:00,2026-05-09T15:04:22-07:00,1,20
style.css,205,css,d94eac02,Francisco,2026-05-09,15:04:22,-07:00,2026-05-09T15:04:22-07:00,0,0
style.css,206,css,d94eac02,Francisco,2026-05-09,15:04:22,-07:00,2026-05-09T15:04:22-07:00,0,0
style.css,207,css,d94eac02,Francisco,2026-05-09,15:04:22,-07:00,2026-05-09T15:04:22-07:00,0,15
style.css,208,css,d94eac02,Francisco,2026-05-09,15:04:22,-07:00,2026-05-09T15:04:22-07:00,1,21
style.css,209,css,d94eac02,Francisco,2026-05-09,15:04:22,-07:00,2026-05-09T15:04:22-07:00,1,20
style.css,210,css,d94eac02,Francisco,2026-05-09,15:04:22,-07:00,2026-05-09T15:04:22-07:00,0,0
style.css,211,css,d94eac02,Francisco,2026-05-09,15:04:22,-07:00,2026-05-09T15:04:22-07:00,0,0
style.css,212,css,d94eac02,Francisco,2026-05-09,15:04:22,-07:00,2026-05-09T15:04:22-07:00,0,15
style.css,213,css,d94eac02,Francisco,2026-05-09,15:04:22,-07:00,2026-05-09T15:04:22-07:00,1,12
style.css,214,css,d94eac02,Francisco,2026-05-09,15:04:22,-07:00,2026-05-09T15:04:22-07:00,0,0
style.css,215,css,d94eac02,Francisco,2026-05-09,15:04:22,-07:00,2026-05-09T15:04:22-07:00,0,15
style.css,216,css,d94eac02,Francisco,2026-05-09,15:04:22,-07:00,2026-05-09T15:04:22-07:00,1,12
style.css,217,css,f4e4bc6d,Francisco,2026-04-03,20:14:00,-07:00,2026-04-03T20:14:00-07:00,0,0
index.js,1,js,8335f352,Francisco,2026-04-25,21:44:01,-07:00,2026-04-25T21:44:01-07:00,0,71
index.js,2,js,347e6a27,Francisco,2026-04-25,21:39:11,-07:00,2026-04-25T21:39:11-07:00,0,0
index.js,3,js,347e6a27,Francisco,2026-04-25,21:39:11,-07:00,2026-04-25T21:39:11-07:00,0,54
index.js,4,js,347e6a27,Francisco,2026-04-25,21:39:11,-07:00,2026-04-25T21:39:11-07:00,0,60
index.js,5,js,347e6a27,Francisco,2026-04-25,21:39:11,-07:00,2026-04-25T21:39:11-07:00,0,60
index.js,6,js,8335f352,Francisco,2026-04-25,21:44:01,-07:00,2026-04-25T21:44:01-07:00,0,0
index.js,7,js,8335f352,Francisco,2026-04-25,21:44:01,-07:00,2026-04-25T21:44:01-07:00,0,54
index.js,8,js,347e6a27,Francisco,2026-04-25,21:39:11,-07:00,2026-04-25T21:39:11-07:00,0,0
index.js,9,js,347e6a27,Francisco,2026-04-25,21:39:11,-07:00,2026-04-25T21:39:11-07:00,0,60
index.js,10,js,8335f352,Francisco,2026-04-25,21:44:01,-07:00,2026-04-25T21:44:01-07:00,0,17
index.js,11,js,8335f352,Francisco,2026-04-25,21:44:01,-07:00,2026-04-25T21:44:01-07:00,1,24
index.js,12,js,8335f352,Francisco,2026-04-25,21:44:01,-07:00,2026-04-25T21:44:01-07:00,2,2
index.js,13,js,8335f352,Francisco,2026-04-25,21:44:01,-07:00,2026-04-25T21:44:01-07:00,3,54
index.js,14,js,8335f352,Francisco,2026-04-25,21:44:01,-07:00,2026-04-25T21:44:01-07:00,3,54
index.js,15,js,8335f352,Francisco,2026-04-25,21:44:01,-07:00,2026-04-25T21:44:01-07:00,3,48
index.js,16,js,8335f352,Francisco,2026-04-25,21:44:01,-07:00,2026-04-25T21:44:01-07:00,3,48
index.js,17,js,8335f352,Francisco,2026-04-25,21:44:01,-07:00,2026-04-25T21:44:01-07:00,2,3
index.js,18,js,8335f352,Francisco,2026-04-25,21:44:01,-07:00,2026-04-25T21:44:01-07:00,1,0
index.js,19,js,8335f352,Francisco,2026-04-25,21:44:01,-07:00,2026-04-25T21:44:01-07:00,0,0
index.html,1,html,fa58a3df,Francisco,2026-04-03,20:09:06,-07:00,2026-04-03T20:09:06-07:00,0,13
index.html,2,html,58867ccd,Francisco,2026-04-03,19:53:25,-07:00,2026-04-03T19:53:25-07:00,0,14
index.html,3,html,58867ccd,Francisco,2026-04-03,19:53:25,-07:00,2026-04-03T19:53:25-07:00,0,4
index.html,4,html,58867ccd,Francisco,2026-04-03,19:53:25,-07:00,2026-04-03T19:53:25-07:00,2,20
index.html,5,html,58867ccd,Francisco,2026-04-03,19:53:25,-07:00,2026-04-03T19:53:25-07:00,2,68
index.html,6,html,58867ccd,Francisco,2026-04-03,19:53:25,-07:00,2026-04-03T19:53:25-07:00,2,51
index.html,7,html,f4e4bc6d,Francisco,2026-04-03,20:14:00,-07:00,2026-04-03T20:14:00-07:00,2,38
index.html,8,html,a901d952,Francisco,2026-04-18,20:09:03,-07:00,2026-04-18T20:09:03-07:00,2,45
index.html,9,html,58867ccd,Francisco,2026-04-03,19:53:25,-07:00,2026-04-03T19:53:25-07:00,0,5
index.html,10,html,58867ccd,Francisco,2026-04-03,19:53:25,-07:00,2026-04-03T19:53:25-07:00,0,4
index.html,11,html,58867ccd,Francisco,2026-04-03,19:53:25,-07:00,2026-04-03T19:53:25-07:00,2,16
index.html,12,html,58867ccd,Francisco,2026-04-03,19:53:25,-07:00,2026-04-03T19:53:25-07:00,2,55
index.html,13,html,fa58a3df,Francisco,2026-04-03,20:09:06,-07:00,2026-04-03T20:09:06-07:00,2,52
index.html,14,html,347e6a27,Francisco,2026-04-25,21:39:11,-07:00,2026-04-25T21:39:11-07:00,2,28
index.html,15,html,347e6a27,Francisco,2026-04-25,21:39:11,-07:00,2026-04-25T21:39:11-07:00,0,0
index.html,16,html,347e6a27,Francisco,2026-04-25,21:39:11,-07:00,2026-04-25T21:39:11-07:00,2,7
index.html,17,html,347e6a27,Francisco,2026-04-25,21:39:11,-07:00,2026-04-25T21:39:11-07:00,3,15
index.html,18,html,347e6a27,Francisco,2026-04-25,21:39:11,-07:00,2026-04-25T21:39:11-07:00,3,26
index.html,19,html,347e6a27,Francisco,2026-04-25,21:39:11,-07:00,2026-04-25T21:39:11-07:00,2,8
index.html,20,html,347e6a27,Francisco,2026-04-25,21:39:11,-07:00,2026-04-25T21:39:11-07:00,0,0
index.html,21,html,347e6a27,Francisco,2026-04-25,21:39:11,-07:00,2026-04-25T21:39:11-07:00,2,44
index.html,22,html,58867ccd,Francisco,2026-04-03,19:53:25,-07:00,2026-04-03T19:53:25-07:00,0,5
index.html,23,html,58867ccd,Francisco,2026-04-03,19:53:25,-07:00,2026-04-03T19:53:25-07:00,0,5
global.js,1,js,347e6a27,Francisco,2026-04-25,21:39:11,-07:00,2026-04-25T21:39:11-07:00,0,36
global.js,2,js,347e6a27,Francisco,2026-04-25,21:39:11,-07:00,2026-04-25T21:39:11-07:00,1,3
global.js,3,js,347e6a27,Francisco,2026-04-25,21:39:11,-07:00,2026-04-25T21:39:11-07:00,2,32
global.js,4,js,347e6a27,Francisco,2026-04-25,21:39:11,-07:00,2026-04-25T21:39:11-07:00,2,17
global.js,5,js,347e6a27,Francisco,2026-04-25,21:39:11,-07:00,2026-04-25T21:39:11-07:00,3,66
global.js,6,js,347e6a27,Francisco,2026-04-25,21:39:11,-07:00,2026-04-25T21:39:11-07:00,2,0
global.js,7,js,347e6a27,Francisco,2026-04-25,21:39:11,-07:00,2026-04-25T21:39:11-07:00,2,33
global.js,8,js,347e6a27,Francisco,2026-04-25,21:39:11,-07:00,2026-04-25T21:39:11-07:00,2,10
global.js,9,js,347e6a27,Francisco,2026-04-25,21:39:11,-07:00,2026-04-25T21:39:11-07:00,1,15
global.js,10,js,347e6a27,Francisco,2026-04-25,21:39:11,-07:00,2026-04-25T21:39:11-07:00,2,59
global.js,11,js,347e6a27,Francisco,2026-04-25,21:39:11,-07:00,2026-04-25T21:39:11-07:00,1,0
global.js,12,js,347e6a27,Francisco,2026-04-25,21:39:11,-07:00,2026-04-25T21:39:11-07:00,0,0
global.js,13,js,347e6a27,Francisco,2026-04-25,21:39:11,-07:00,2026-04-25T21:39:11-07:00,0,79
global.js,14,js,347e6a27,Francisco,2026-04-25,21:39:11,-07:00,2026-04-25T21:39:11-07:00,1,30
global.js,15,js,347e6a27,Francisco,2026-04-25,21:39:11,-07:00,2026-04-25T21:39:11-07:00,1,29
global.js,16,js,347e6a27,Francisco,2026-04-25,21:39:11,-07:00,2026-04-25T21:39:11-07:00,2,48
global.js,17,js,347e6a27,Francisco,2026-04-25,21:39:11,-07:00,2026-04-25T21:39:11-07:00,2,19
global.js,18,js,ac458d32,Francisco,2026-05-01,20:17:44,-06:00,2026-05-01T20:17:44-06:00,1,49
global.js,19,js,ac458d32,Francisco,2026-05-01,20:17:44,-06:00,2026-05-01T20:17:44-06:00,1,49
global.js,20,js,ac458d32,Francisco,2026-05-01,20:17:44,-06:00,2026-05-01T20:17:44-06:00,1,3
global.js,21,js,ac458d32,Francisco,2026-05-01,20:17:44,-06:00,2026-05-01T20:17:44-06:00,2,27
global.js,22,js,ac458d32,Francisco,2026-05-01,20:17:44,-06:00,2026-05-01T20:17:44-06:00,2,30
global.js,23,js,ac458d32,Francisco,2026-05-01,20:17:44,-06:00,2026-05-01T20:17:44-06:00,1,4
global.js,24,js,ac458d32,Francisco,2026-05-01,20:17:44,-06:00,2026-05-01T20:17:44-06:00,0,0
global.js,25,js,347e6a27,Francisco,2026-04-25,21:39:11,-07:00,2026-04-25T21:39:11-07:00,2,36
global.js,26,js,347e6a27,Francisco,2026-04-25,21:39:11,-07:00,2026-04-25T21:39:11-07:00,1,0
global.js,27,js,347e6a27,Francisco,2026-04-25,21:39:11,-07:00,2026-04-25T21:39:11-07:00,0,0
global.js,28,js,a901d952,Francisco,2026-04-18,20:09:03,-07:00,2026-04-18T20:09:03-07:00,0,26
global.js,29,js,a901d952,Francisco,2026-04-18,20:09:03,-07:00,2026-04-18T20:09:03-07:00,0,0
global.js,30,js,a901d952,Francisco,2026-04-18,20:09:03,-07:00,2026-04-18T20:09:03-07:00,0,41
global.js,31,js,a901d952,Francisco,2026-04-18,20:09:03,-07:00,2026-04-18T20:09:03-07:00,1,52
global.js,32,js,a901d952,Francisco,2026-04-18,20:09:03,-07:00,2026-04-18T20:09:03-07:00,0,0
global.js,33,js,a901d952,Francisco,2026-04-18,20:09:03,-07:00,2026-04-18T20:09:03-07:00,0,0
global.js,34,js,a901d952,Francisco,2026-04-18,20:09:03,-07:00,2026-04-18T20:09:03-07:00,0,88
global.js,35,js,a901d952,Francisco,2026-04-18,20:09:03,-07:00,2026-04-18T20:09:03-07:00,1,3
global.js,36,js,a901d952,Francisco,2026-04-18,20:09:03,-07:00,2026-04-18T20:09:03-07:00,1,14
global.js,37,js,a901d952,Francisco,2026-04-18,20:09:03,-07:00,2026-04-18T20:09:03-07:00,0,0
global.js,38,js,a901d952,Francisco,2026-04-18,20:09:03,-07:00,2026-04-18T20:09:03-07:00,0,11
global.js,39,js,a901d952,Francisco,2026-04-18,20:09:03,-07:00,2026-04-18T20:09:03-07:00,1,25
global.js,40,js,a901d952,Francisco,2026-04-18,20:09:03,-07:00,2026-04-18T20:09:03-07:00,1,38
global.js,41,js,a901d952,Francisco,2026-04-18,20:09:03,-07:00,2026-04-18T20:09:03-07:00,1,36
global.js,42,js,a901d952,Francisco,2026-04-18,20:09:03,-07:00,2026-04-18T20:09:03-07:00,1,26
global.js,43,js,7e643bd4,Francisco,2026-05-09,14:40:42,-07:00,2026-05-09T14:40:42-07:00,1,30
global.js,44,js,a901d952,Francisco,2026-04-18,20:09:03,-07:00,2026-04-18T20:09:03-07:00,1,57
global.js,45,js,a901d952,Francisco,2026-04-18,20:09:03,-07:00,2026-04-18T20:09:03-07:00,0,0
global.js,46,js,a901d952,Francisco,2026-04-18,20:09:03,-07:00,2026-04-18T20:09:03-07:00,0,0
global.js,47,js,a901d952,Francisco,2026-04-18,20:09:03,-07:00,2026-04-18T20:09:03-07:00,0,38
global.js,48,js,a901d952,Francisco,2026-04-18,20:09:03,-07:00,2026-04-18T20:09:03-07:00,0,25
global.js,49,js,a901d952,Francisco,2026-04-18,20:09:03,-07:00,2026-04-18T20:09:03-07:00,0,0
global.js,50,js,a901d952,Francisco,2026-04-18,20:09:03,-07:00,2026-04-18T20:09:03-07:00,0,20
global.js,51,js,a901d952,Francisco,2026-04-18,20:09:03,-07:00,2026-04-18T20:09:03-07:00,1,14
global.js,52,js,a901d952,Francisco,2026-04-18,20:09:03,-07:00,2026-04-18T20:09:03-07:00,1,18
global.js,53,js,a901d952,Francisco,2026-04-18,20:09:03,-07:00,2026-04-18T20:09:03-07:00,0,0
global.js,54,js,a901d952,Francisco,2026-04-18,20:09:03,-07:00,2026-04-18T20:09:03-07:00,1,52
global.js,55,js,a901d952,Francisco,2026-04-18,20:09:03,-07:00,2026-04-18T20:09:03-07:00,0,0
global.js,56,js,a901d952,Francisco,2026-04-18,20:09:03,-07:00,2026-04-18T20:09:03-07:00,1,34
global.js,57,js,a901d952,Francisco,2026-04-18,20:09:03,-07:00,2026-04-18T20:09:03-07:00,1,11
global.js,58,js,a901d952,Francisco,2026-04-18,20:09:03,-07:00,2026-04-18T20:09:03-07:00,1,20
global.js,59,js,a901d952,Francisco,2026-04-18,20:09:03,-07:00,2026-04-18T20:09:03-07:00,0,0
global.js,60,js,a901d952,Francisco,2026-04-18,20:09:03,-07:00,2026-04-18T20:09:03-07:00,1,90
global.js,61,js,a901d952,Francisco,2026-04-18,20:09:03,-07:00,2026-04-18T20:09:03-07:00,0,0
global.js,62,js,a901d952,Francisco,2026-04-18,20:09:03,-07:00,2026-04-18T20:09:03-07:00,1,29
global.js,63,js,a901d952,Francisco,2026-04-18,20:09:03,-07:00,2026-04-18T20:09:03-07:00,2,18
global.js,64,js,a901d952,Francisco,2026-04-18,20:09:03,-07:00,2026-04-18T20:09:03-07:00,1,0
global.js,65,js,a901d952,Francisco,2026-04-18,20:09:03,-07:00,2026-04-18T20:09:03-07:00,0,0
global.js,66,js,a901d952,Francisco,2026-04-18,20:09:03,-07:00,2026-04-18T20:09:03-07:00,1,12
global.js,67,js,a901d952,Francisco,2026-04-18,20:09:03,-07:00,2026-04-18T20:09:03-07:00,0,0
global.js,68,js,a901d952,Francisco,2026-04-18,20:09:03,-07:00,2026-04-18T20:09:03-07:00,0,31
global.js,69,js,a901d952,Francisco,2026-04-18,20:09:03,-07:00,2026-04-18T20:09:03-07:00,1,11
global.js,70,js,a901d952,Francisco,2026-04-18,20:09:03,-07:00,2026-04-18T20:09:03-07:00,1,27
global.js,71,js,a901d952,Francisco,2026-04-18,20:09:03,-07:00,2026-04-18T20:09:03-07:00,2,4
global.js,72,js,a901d952,Francisco,2026-04-18,20:09:03,-07:00,2026-04-18T20:09:03-07:00,2,6
global.js,73,js,a901d952,Francisco,2026-04-18,20:09:03,-07:00,2026-04-18T20:09:03-07:00,3,43
global.js,74,js,a901d952,Francisco,2026-04-18,20:09:03,-07:00,2026-04-18T20:09:03-07:00,3,34
global.js,75,js,a901d952,Francisco,2026-04-18,20:09:03,-07:00,2026-04-18T20:09:03-07:00,3,32
global.js,76,js,a901d952,Francisco,2026-04-18,20:09:03,-07:00,2026-04-18T20:09:03-07:00,2,7
global.js,77,js,a901d952,Francisco,2026-04-18,20:09:03,-07:00,2026-04-18T20:09:03-07:00,1,7
global.js,78,js,a901d952,Francisco,2026-04-18,20:09:03,-07:00,2026-04-18T20:09:03-07:00,0,0
global.js,79,js,a901d952,Francisco,2026-04-18,20:09:03,-07:00,2026-04-18T20:09:03-07:00,0,0
global.js,80,js,a901d952,Francisco,2026-04-18,20:09:03,-07:00,2026-04-18T20:09:03-07:00,0,58
global.js,81,js,a901d952,Francisco,2026-04-18,20:09:03,-07:00,2026-04-18T20:09:03-07:00,0,0
global.js,82,js,a901d952,Francisco,2026-04-18,20:09:03,-07:00,2026-04-18T20:09:03-07:00,0,48
global.js,83,js,a901d952,Francisco,2026-04-18,20:09:03,-07:00,2026-04-18T20:09:03-07:00,1,77
global.js,84,js,a901d952,Francisco,2026-04-18,20:09:03,-07:00,2026-04-18T20:09:03-07:00,1,44
global.js,85,js,a901d952,Francisco,2026-04-18,20:09:03,-07:00,2026-04-18T20:09:03-07:00,0,1
global.js,86,js,a901d952,Francisco,2026-04-18,20:09:03,-07:00,2026-04-18T20:09:03-07:00,0,0
global.js,87,js,a901d952,Francisco,2026-04-18,20:09:03,-07:00,2026-04-18T20:09:03-07:00,0,34
global.js,88,js,a901d952,Francisco,2026-04-18,20:09:03,-07:00,2026-04-18T20:09:03-07:00,1,83
global.js,89,js,a901d952,Francisco,2026-04-18,20:09:03,-07:00,2026-04-18T20:09:03-07:00,1,38
global.js,90,js,73a1a23d,Francisco,2026-04-25,21:48:28,-07:00,2026-04-25T21:48:28-07:00,0,0
global.js,91,js,73a1a23d,Francisco,2026-04-25,21:48:28,-07:00,2026-04-25T21:48:28-07:00,0,47
global.js,92,js,73a1a23d,Francisco,2026-04-25,21:48:28,-07:00,2026-04-25T21:48:28-07:00,1,59
global.js,93,js,a901d952,Francisco,2026-04-18,20:09:03,-07:00,2026-04-18T20:09:03-07:00,0,0
projects/projects.js,1,js,ac458d32,Francisco,2026-05-01,20:17:44,-06:00,2026-05-01T20:17:44-06:00,0,63
projects/projects.js,2,js,347e6a27,Francisco,2026-04-25,21:39:11,-07:00,2026-04-25T21:39:11-07:00,0,55
projects/projects.js,3,js,347e6a27,Francisco,2026-04-25,21:39:11,-07:00,2026-04-25T21:39:11-07:00,0,0
projects/projects.js,4,js,347e6a27,Francisco,2026-04-25,21:39:11,-07:00,2026-04-25T21:39:11-07:00,0,55
projects/projects.js,5,js,347e6a27,Francisco,2026-04-25,21:39:11,-07:00,2026-04-25T21:39:11-07:00,0,60
projects/projects.js,6,js,ac458d32,Francisco,2026-05-01,20:17:44,-06:00,2026-05-01T20:17:44-06:00,0,0
projects/projects.js,7,js,347e6a27,Francisco,2026-04-25,21:39:11,-07:00,2026-04-25T21:39:11-07:00,0,48
projects/projects.js,8,js,347e6a27,Francisco,2026-04-25,21:39:11,-07:00,2026-04-25T21:39:11-07:00,0,0
projects/projects.js,9,js,347e6a27,Francisco,2026-04-25,21:39:11,-07:00,2026-04-25T21:39:11-07:00,0,56
projects/projects.js,10,js,ac458d32,Francisco,2026-05-01,20:17:44,-06:00,2026-05-01T20:17:44-06:00,0,50
projects/projects.js,11,js,ac458d32,Francisco,2026-05-01,20:17:44,-06:00,2026-05-01T20:17:44-06:00,0,0
projects/projects.js,12,js,ac458d32,Francisco,2026-05-01,20:17:44,-06:00,2026-05-01T20:17:44-06:00,0,57
projects/projects.js,13,js,ac458d32,Francisco,2026-05-01,20:17:44,-06:00,2026-05-01T20:17:44-06:00,0,47
projects/projects.js,14,js,ac458d32,Francisco,2026-05-01,20:17:44,-06:00,2026-05-01T20:17:44-06:00,0,21
projects/projects.js,15,js,3f615ffd,Francisco,2026-05-01,20:32:19,-06:00,2026-05-01T20:32:19-06:00,0,13
projects/projects.js,16,js,3f615ffd,Francisco,2026-05-01,20:32:19,-06:00,2026-05-01T20:32:19-06:00,0,0
projects/projects.js,17,js,3f615ffd,Francisco,2026-05-01,20:32:19,-06:00,2026-05-01T20:32:19-06:00,0,30
projects/projects.js,18,js,3f615ffd,Francisco,2026-05-01,20:32:19,-06:00,2026-05-01T20:32:19-06:00,1,35
projects/projects.js,19,js,3f615ffd,Francisco,2026-05-01,20:32:19,-06:00,2026-05-01T20:32:19-06:00,2,59
projects/projects.js,20,js,3f615ffd,Francisco,2026-05-01,20:32:19,-06:00,2026-05-01T20:32:19-06:00,2,42
projects/projects.js,21,js,3f615ffd,Francisco,2026-05-01,20:32:19,-06:00,2026-05-01T20:32:19-06:00,1,1
projects/projects.js,22,js,3f615ffd,Francisco,2026-05-01,20:32:19,-06:00,2026-05-01T20:32:19-06:00,0,0
projects/projects.js,23,js,ac458d32,Francisco,2026-05-01,20:17:44,-06:00,2026-05-01T20:17:44-06:00,0,0
projects/projects.js,24,js,ac458d32,Francisco,2026-05-01,20:17:44,-06:00,2026-05-01T20:17:44-06:00,0,38
projects/projects.js,25,js,ac458d32,Francisco,2026-05-01,20:17:44,-06:00,2026-05-01T20:17:44-06:00,1,26
projects/projects.js,26,js,ac458d32,Francisco,2026-05-01,20:17:44,-06:00,2026-05-01T20:17:44-06:00,2,12
projects/projects.js,27,js,ac458d32,Francisco,2026-05-01,20:17:44,-06:00,2026-05-01T20:17:44-06:00,2,14
projects/projects.js,28,js,ac458d32,Francisco,2026-05-01,20:17:44,-06:00,2026-05-01T20:17:44-06:00,2,12
projects/projects.js,29,js,ac458d32,Francisco,2026-05-01,20:17:44,-06:00,2026-05-01T20:17:44-06:00,1,0
projects/projects.js,30,js,ac458d32,Francisco,2026-05-01,20:17:44,-06:00,2026-05-01T20:17:44-06:00,0,0
projects/projects.js,31,js,ac458d32,Francisco,2026-05-01,20:17:44,-06:00,2026-05-01T20:17:44-06:00,1,45
projects/projects.js,32,js,ac458d32,Francisco,2026-05-01,20:17:44,-06:00,2026-05-01T20:17:44-06:00,2,11
projects/projects.js,33,js,ac458d32,Francisco,2026-05-01,20:17:44,-06:00,2026-05-01T20:17:44-06:00,2,10
projects/projects.js,34,js,ac458d32,Francisco,2026-05-01,20:17:44,-06:00,2026-05-01T20:17:44-06:00,1,2
projects/projects.js,35,js,ac458d32,Francisco,2026-05-01,20:17:44,-06:00,2026-05-01T20:17:44-06:00,0,0
projects/projects.js,36,js,ac458d32,Francisco,2026-05-01,20:17:44,-06:00,2026-05-01T20:17:44-06:00,1,50
projects/projects.js,37,js,ac458d32,Francisco,2026-05-01,20:17:44,-06:00,2026-05-01T20:17:44-06:00,1,33
projects/projects.js,38,js,ac458d32,Francisco,2026-05-01,20:17:44,-06:00,2026-05-01T20:17:44-06:00,1,45
projects/projects.js,39,js,ac458d32,Francisco,2026-05-01,20:17:44,-06:00,2026-05-01T20:17:44-06:00,0,0
projects/projects.js,40,js,ac458d32,Francisco,2026-05-01,20:17:44,-06:00,2026-05-01T20:17:44-06:00,1,25
projects/projects.js,41,js,ac458d32,Francisco,2026-05-01,20:17:44,-06:00,2026-05-01T20:17:44-06:00,1,29
projects/projects.js,42,js,ac458d32,Francisco,2026-05-01,20:17:44,-06:00,2026-05-01T20:17:44-06:00,1,32
projects/projects.js,43,js,ac458d32,Francisco,2026-05-01,20:17:44,-06:00,2026-05-01T20:17:44-06:00,1,30
projects/projects.js,44,js,ac458d32,Francisco,2026-05-01,20:17:44,-06:00,2026-05-01T20:17:44-06:00,0,0
projects/projects.js,45,js,ac458d32,Francisco,2026-05-01,20:17:44,-06:00,2026-05-01T20:17:44-06:00,1,24
projects/projects.js,46,js,ac458d32,Francisco,2026-05-01,20:17:44,-06:00,2026-05-01T20:17:44-06:00,2,1
projects/projects.js,47,js,ac458d32,Francisco,2026-05-01,20:17:44,-06:00,2026-05-01T20:17:44-06:00,3,13
projects/projects.js,48,js,ac458d32,Francisco,2026-05-01,20:17:44,-06:00,2026-05-01T20:17:44-06:00,3,13
projects/projects.js,49,js,ac458d32,Francisco,2026-05-01,20:17:44,-06:00,2026-05-01T20:17:44-06:00,3,22
projects/projects.js,50,js,ac458d32,Francisco,2026-05-01,20:17:44,-06:00,2026-05-01T20:17:44-06:00,3,51
projects/projects.js,51,js,ac458d32,Francisco,2026-05-01,20:17:44,-06:00,2026-05-01T20:17:44-06:00,3,18
projects/projects.js,52,js,ac458d32,Francisco,2026-05-01,20:17:44,-06:00,2026-05-01T20:17:44-06:00,4,43
projects/projects.js,53,js,3f615ffd,Francisco,2026-05-01,20:32:19,-06:00,2026-05-01T20:32:19-06:00,0,0
projects/projects.js,54,js,3f615ffd,Francisco,2026-05-01,20:32:19,-06:00,2026-05-01T20:32:19-06:00,4,12
projects/projects.js,55,js,3f615ffd,Francisco,2026-05-01,20:32:19,-06:00,2026-05-01T20:32:19-06:00,4,35
projects/projects.js,56,js,3f615ffd,Francisco,2026-05-01,20:32:19,-06:00,2026-05-01T20:32:19-06:00,4,23
projects/projects.js,57,js,ac458d32,Francisco,2026-05-01,20:17:44,-06:00,2026-05-01T20:17:44-06:00,0,0
projects/projects.js,58,js,ac458d32,Francisco,2026-05-01,20:17:44,-06:00,2026-05-01T20:17:44-06:00,4,25
projects/projects.js,59,js,3f615ffd,Francisco,2026-05-01,20:32:19,-06:00,2026-05-01T20:32:19-06:00,5,48
projects/projects.js,60,js,ac458d32,Francisco,2026-05-01,20:17:44,-06:00,2026-05-01T20:17:44-06:00,4,6
projects/projects.js,61,js,ac458d32,Francisco,2026-05-01,20:17:44,-06:00,2026-05-01T20:17:44-06:00,5,43
projects/projects.js,62,js,3f615ffd,Francisco,2026-05-01,20:32:19,-06:00,2026-05-01T20:32:19-06:00,5,59
projects/projects.js,63,js,3f615ffd,Francisco,2026-05-01,20:32:19,-06:00,2026-05-01T20:32:19-06:00,5,46
projects/projects.js,64,js,ac458d32,Francisco,2026-05-01,20:17:44,-06:00,2026-05-01T20:17:44-06:00,4,0
projects/projects.js,65,js,ac458d32,Francisco,2026-05-01,20:17:44,-06:00,2026-05-01T20:17:44-06:00,3,1
projects/projects.js,66,js,ac458d32,Francisco,2026-05-01,20:17:44,-06:00,2026-05-01T20:17:44-06:00,1,1
projects/projects.js,67,js,ac458d32,Francisco,2026-05-01,20:17:44,-06:00,2026-05-01T20:17:44-06:00,0,0
projects/projects.js,68,js,ac458d32,Francisco,2026-05-01,20:17:44,-06:00,2026-05-01T20:17:44-06:00,1,22
projects/projects.js,69,js,ac458d32,Francisco,2026-05-01,20:17:44,-06:00,2026-05-01T20:17:44-06:00,2,4
projects/projects.js,70,js,ac458d32,Francisco,2026-05-01,20:17:44,-06:00,2026-05-01T20:17:44-06:00,3,11
projects/projects.js,71,js,ac458d32,Francisco,2026-05-01,20:17:44,-06:00,2026-05-01T20:17:44-06:00,3,36
projects/projects.js,72,js,ac458d32,Francisco,2026-05-01,20:17:44,-06:00,2026-05-01T20:17:44-06:00,3,68
projects/projects.js,73,js,ac458d32,Francisco,2026-05-01,20:17:44,-06:00,2026-05-01T20:17:44-06:00,3,69
projects/projects.js,74,js,ac458d32,Francisco,2026-05-01,20:17:44,-06:00,2026-05-01T20:17:44-06:00,1,1
projects/projects.js,75,js,ac458d32,Francisco,2026-05-01,20:17:44,-06:00,2026-05-01T20:17:44-06:00,0,0
projects/projects.js,76,js,ac458d32,Francisco,2026-05-01,20:17:44,-06:00,2026-05-01T20:17:44-06:00,0,0
projects/projects.js,77,js,ac458d32,Francisco,2026-05-01,20:17:44,-06:00,2026-05-01T20:17:44-06:00,0,23
projects/projects.js,78,js,ac458d32,Francisco,2026-05-01,20:17:44,-06:00,2026-05-01T20:17:44-06:00,0,0
projects/projects.js,79,js,ac458d32,Francisco,2026-05-01,20:17:44,-06:00,2026-05-01T20:17:44-06:00,0,53
projects/projects.js,80,js,ac458d32,Francisco,2026-05-01,20:17:44,-06:00,2026-05-01T20:17:44-06:00,0,0
projects/projects.js,81,js,ac458d32,Francisco,2026-05-01,20:17:44,-06:00,2026-05-01T20:17:44-06:00,0,48
projects/projects.js,82,js,ac458d32,Francisco,2026-05-01,20:17:44,-06:00,2026-05-01T20:17:44-06:00,1,25
projects/projects.js,83,js,3f615ffd,Francisco,2026-05-01,20:32:19,-06:00,2026-05-01T20:32:19-06:00,1,29
projects/projects.js,84,js,3f615ffd,Francisco,2026-05-01,20:32:19,-06:00,2026-05-01T20:32:19-06:00,1,35
projects/projects.js,85,js,3f615ffd,Francisco,2026-05-01,20:32:19,-06:00,2026-05-01T20:32:19-06:00,1,48
projects/projects.js,86,js,3f615ffd,Francisco,2026-05-01,20:32:19,-06:00,2026-05-01T20:32:19-06:00,1,23
projects/projects.js,87,js,ac458d32,Francisco,2026-05-01,20:17:44,-06:00,2026-05-01T20:17:44-06:00,0,1
projects/index.html,1,html,8a17a6ad,Francisco,2026-04-03,20:20:47,-07:00,2026-04-03T20:20:47-07:00,0,13
projects/index.html,2,html,8a17a6ad,Francisco,2026-04-03,20:20:47,-07:00,2026-04-03T20:20:47-07:00,0,14
projects/index.html,3,html,8a17a6ad,Francisco,2026-04-03,20:20:47,-07:00,2026-04-03T20:20:47-07:00,0,4
projects/index.html,4,html,8a17a6ad,Francisco,2026-04-03,20:20:47,-07:00,2026-04-03T20:20:47-07:00,2,20
projects/index.html,5,html,8a17a6ad,Francisco,2026-04-03,20:20:47,-07:00,2026-04-03T20:20:47-07:00,2,68
projects/index.html,6,html,8a17a6ad,Francisco,2026-04-03,20:20:47,-07:00,2026-04-03T20:20:47-07:00,2,32
projects/index.html,7,html,8a17a6ad,Francisco,2026-04-03,20:20:47,-07:00,2026-04-03T20:20:47-07:00,2,41
projects/index.html,8,html,a901d952,Francisco,2026-04-18,20:09:03,-07:00,2026-04-18T20:09:03-07:00,2,48
projects/index.html,9,html,347e6a27,Francisco,2026-04-25,21:39:11,-07:00,2026-04-25T21:39:11-07:00,2,47
projects/index.html,10,html,8a17a6ad,Francisco,2026-04-03,20:20:47,-07:00,2026-04-03T20:20:47-07:00,0,5
projects/index.html,11,html,8a17a6ad,Francisco,2026-04-03,20:20:47,-07:00,2026-04-03T20:20:47-07:00,0,4
projects/index.html,12,html,347e6a27,Francisco,2026-04-25,21:39:11,-07:00,2026-04-25T21:39:11-07:00,2,38
projects/index.html,13,html,ac458d32,Francisco,2026-05-01,20:17:44,-06:00,2026-05-01T20:17:44-06:00,0,0
projects/index.html,14,html,ac458d32,Francisco,2026-05-01,20:17:44,-06:00,2026-05-01T20:17:44-06:00,2,21
projects/index.html,15,html,ac458d32,Francisco,2026-05-01,20:17:44,-06:00,2026-05-01T20:17:44-06:00,3,58
projects/index.html,16,html,ac458d32,Francisco,2026-05-01,20:17:44,-06:00,2026-05-01T20:17:44-06:00,3,22
projects/index.html,17,html,66b1398f,Francisco,2026-04-10,21:02:47,-07:00,2026-04-10T21:02:47-07:00,2,4
projects/index.html,18,html,ac458d32,Francisco,2026-05-01,20:17:44,-06:00,2026-05-01T20:17:44-06:00,0,0
projects/index.html,19,html,ac458d32,Francisco,2026-05-01,20:17:44,-06:00,2026-05-01T20:17:44-06:00,2,4
projects/index.html,20,html,ac458d32,Francisco,2026-05-01,20:17:44,-06:00,2026-05-01T20:17:44-06:00,3,15
projects/index.html,21,html,ac458d32,Francisco,2026-05-01,20:17:44,-06:00,2026-05-01T20:17:44-06:00,3,11
projects/index.html,22,html,ac458d32,Francisco,2026-05-01,20:17:44,-06:00,2026-05-01T20:17:44-06:00,3,26
projects/index.html,23,html,ac458d32,Francisco,2026-05-01,20:17:44,-06:00,2026-05-01T20:17:44-06:00,3,31
projects/index.html,24,html,ac458d32,Francisco,2026-05-01,20:17:44,-06:00,2026-05-01T20:17:44-06:00,2,0
projects/index.html,25,html,ac458d32,Francisco,2026-05-01,20:17:44,-06:00,2026-05-01T20:17:44-06:00,0,0
projects/index.html,26,html,ac458d32,Francisco,2026-05-01,20:17:44,-06:00,2026-05-01T20:17:44-06:00,2,26
projects/index.html,27,html,8a17a6ad,Francisco,2026-04-03,20:20:47,-07:00,2026-04-03T20:20:47-07:00,0,5
projects/index.html,28,html,a901d952,Francisco,2026-04-18,20:09:03,-07:00,2026-04-18T20:09:03-07:00,0,5
meta/main.js,1,js,d94eac02,Francisco,2026-05-09,15:04:22,-07:00,2026-05-09T15:04:22-07:00,0,63
meta/main.js,2,js,d94eac02,Francisco,2026-05-09,15:04:22,-07:00,2026-05-09T15:04:22-07:00,0,0
meta/main.js,3,js,d94eac02,Francisco,2026-05-09,15:04:22,-07:00,2026-05-09T15:04:22-07:00,0,25
meta/main.js,4,js,d94eac02,Francisco,2026-05-09,15:04:22,-07:00,2026-05-09T15:04:22-07:00,1,46
meta/main.js,5,js,d94eac02,Francisco,2026-05-09,15:04:22,-07:00,2026-05-09T15:04:22-07:00,2,5
meta/main.js,6,js,d94eac02,Francisco,2026-05-09,15:04:22,-07:00,2026-05-09T15:04:22-07:00,2,21
meta/main.js,7,js,d94eac02,Francisco,2026-05-09,15:04:22,-07:00,2026-05-09T15:04:22-07:00,2,23
meta/main.js,8,js,d94eac02,Francisco,2026-05-09,15:04:22,-07:00,2026-05-09T15:04:22-07:00,2,25
meta/main.js,9,js,d94eac02,Francisco,2026-05-09,15:04:22,-07:00,2026-05-09T15:04:22-07:00,2,49
meta/main.js,10,js,d94eac02,Francisco,2026-05-09,15:04:22,-07:00,2026-05-09T15:04:22-07:00,2,31
meta/main.js,11,js,d94eac02,Francisco,2026-05-09,15:04:22,-07:00,2026-05-09T15:04:22-07:00,1,2
meta/main.js,12,js,d94eac02,Francisco,2026-05-09,15:04:22,-07:00,2026-05-09T15:04:22-07:00,1,10
meta/main.js,13,js,d94eac02,Francisco,2026-05-09,15:04:22,-07:00,2026-05-09T15:04:22-07:00,0,0
meta/main.js,14,js,d94eac02,Francisco,2026-05-09,15:04:22,-07:00,2026-05-09T15:04:22-07:00,0,0
meta/main.js,15,js,d94eac02,Francisco,2026-05-09,15:04:22,-07:00,2026-05-09T15:04:22-07:00,0,29
meta/main.js,16,js,d94eac02,Francisco,2026-05-09,15:04:22,-07:00,2026-05-09T15:04:22-07:00,1,7
meta/main.js,17,js,d94eac02,Francisco,2026-05-09,15:04:22,-07:00,2026-05-09T15:04:22-07:00,2,28
meta/main.js,18,js,d94eac02,Francisco,2026-05-09,15:04:22,-07:00,2026-05-09T15:04:22-07:00,2,25
meta/main.js,19,js,d94eac02,Francisco,2026-05-09,15:04:22,-07:00,2026-05-09T15:04:22-07:00,3,19
meta/main.js,20,js,d94eac02,Francisco,2026-05-09,15:04:22,-07:00,2026-05-09T15:04:22-07:00,3,53
meta/main.js,21,js,d94eac02,Francisco,2026-05-09,15:04:22,-07:00,2026-05-09T15:04:22-07:00,3,9
meta/main.js,22,js,d94eac02,Francisco,2026-05-09,15:04:22,-07:00,2026-05-09T15:04:22-07:00,4,9
meta/main.js,23,js,d94eac02,Francisco,2026-05-09,15:04:22,-07:00,2026-05-09T15:04:22-07:00,4,63
meta/main.js,24,js,d94eac02,Francisco,2026-05-09,15:04:22,-07:00,2026-05-09T15:04:22-07:00,4,37
meta/main.js,25,js,d94eac02,Francisco,2026-05-09,15:04:22,-07:00,2026-05-09T15:04:22-07:00,4,57
meta/main.js,26,js,d94eac02,Francisco,2026-05-09,15:04:22,-07:00,2026-05-09T15:04:22-07:00,4,23
meta/main.js,27,js,d94eac02,Francisco,2026-05-09,15:04:22,-07:00,2026-05-09T15:04:22-07:00,3,0
meta/main.js,28,js,d94eac02,Francisco,2026-05-09,15:04:22,-07:00,2026-05-09T15:04:22-07:00,3,35
meta/main.js,29,js,d94eac02,Francisco,2026-05-09,15:04:22,-07:00,2026-05-09T15:04:22-07:00,4,68
meta/main.js,30,js,d94eac02,Francisco,2026-05-09,15:04:22,-07:00,2026-05-09T15:04:22-07:00,3,1
meta/main.js,31,js,d94eac02,Francisco,2026-05-09,15:04:22,-07:00,2026-05-09T15:04:22-07:00,3,9
meta/main.js,32,js,d94eac02,Francisco,2026-05-09,15:04:22,-07:00,2026-05-09T15:04:22-07:00,2,1
meta/main.js,33,js,d94eac02,Francisco,2026-05-09,15:04:22,-07:00,2026-05-09T15:04:22-07:00,0,0
meta/main.js,34,js,d94eac02,Francisco,2026-05-09,15:04:22,-07:00,2026-05-09T15:04:22-07:00,0,0
meta/main.js,35,js,d94eac02,Francisco,2026-05-09,15:04:22,-07:00,2026-05-09T15:04:22-07:00,0,40
meta/main.js,36,js,d94eac02,Francisco,2026-05-09,15:04:22,-07:00,2026-05-09T15:04:22-07:00,1,65
meta/main.js,37,js,d94eac02,Francisco,2026-05-09,15:04:22,-07:00,2026-05-09T15:04:22-07:00,1,67
meta/main.js,38,js,d94eac02,Francisco,2026-05-09,15:04:22,-07:00,2026-05-09T15:04:22-07:00,1,32
meta/main.js,39,js,d94eac02,Francisco,2026-05-09,15:04:22,-07:00,2026-05-09T15:04:22-07:00,1,36
meta/main.js,40,js,d94eac02,Francisco,2026-05-09,15:04:22,-07:00,2026-05-09T15:04:22-07:00,1,35
meta/main.js,41,js,d94eac02,Francisco,2026-05-09,15:04:22,-07:00,2026-05-09T15:04:22-07:00,1,48
meta/main.js,42,js,d94eac02,Francisco,2026-05-09,15:04:22,-07:00,2026-05-09T15:04:22-07:00,1,28
meta/main.js,43,js,d94eac02,Francisco,2026-05-09,15:04:22,-07:00,2026-05-09T15:04:22-07:00,1,29
meta/main.js,44,js,d94eac02,Francisco,2026-05-09,15:04:22,-07:00,2026-05-09T15:04:22-07:00,1,77
meta/main.js,45,js,d94eac02,Francisco,2026-05-09,15:04:22,-07:00,2026-05-09T15:04:22-07:00,1,51
meta/main.js,46,js,d94eac02,Francisco,2026-05-09,15:04:22,-07:00,2026-05-09T15:04:22-07:00,1,38
meta/main.js,47,js,d94eac02,Francisco,2026-05-09,15:04:22,-07:00,2026-05-09T15:04:22-07:00,1,45
meta/main.js,48,js,d94eac02,Francisco,2026-05-09,15:04:22,-07:00,2026-05-09T15:04:22-07:00,1,64
meta/main.js,49,js,d94eac02,Francisco,2026-05-09,15:04:22,-07:00,2026-05-09T15:04:22-07:00,1,38
meta/main.js,50,js,d94eac02,Francisco,2026-05-09,15:04:22,-07:00,2026-05-09T15:04:22-07:00,1,45
meta/main.js,51,js,d94eac02,Francisco,2026-05-09,15:04:22,-07:00,2026-05-09T15:04:22-07:00,1,30
meta/main.js,52,js,d94eac02,Francisco,2026-05-09,15:04:22,-07:00,2026-05-09T15:04:22-07:00,2,18
meta/main.js,53,js,d94eac02,Francisco,2026-05-09,15:04:22,-07:00,2026-05-09T15:04:22-07:00,2,69
meta/main.js,54,js,d94eac02,Francisco,2026-05-09,15:04:22,-07:00,2026-05-09T15:04:22-07:00,1,0
meta/main.js,55,js,d94eac02,Francisco,2026-05-09,15:04:22,-07:00,2026-05-09T15:04:22-07:00,1,58
meta/main.js,56,js,d94eac02,Francisco,2026-05-09,15:04:22,-07:00,2026-05-09T15:04:22-07:00,1,39
meta/main.js,57,js,d94eac02,Francisco,2026-05-09,15:04:22,-07:00,2026-05-09T15:04:22-07:00,1,30
meta/main.js,58,js,d94eac02,Francisco,2026-05-09,15:04:22,-07:00,2026-05-09T15:04:22-07:00,0,0
meta/main.js,59,js,d94eac02,Francisco,2026-05-09,15:04:22,-07:00,2026-05-09T15:04:22-07:00,0,0
meta/main.js,60,js,d94eac02,Francisco,2026-05-09,15:04:22,-07:00,2026-05-09T15:04:22-07:00,0,37
meta/main.js,61,js,d94eac02,Francisco,2026-05-09,15:04:22,-07:00,2026-05-09T15:04:22-07:00,1,55
meta/main.js,62,js,d94eac02,Francisco,2026-05-09,15:04:22,-07:00,2026-05-09T15:04:22-07:00,1,61
meta/main.js,63,js,d94eac02,Francisco,2026-05-09,15:04:22,-07:00,2026-05-09T15:04:22-07:00,1,50
meta/main.js,64,js,d94eac02,Francisco,2026-05-09,15:04:22,-07:00,2026-05-09T15:04:22-07:00,2,59
meta/main.js,65,js,d94eac02,Francisco,2026-05-09,15:04:22,-07:00,2026-05-09T15:04:22-07:00,1,63
meta/main.js,66,js,d94eac02,Francisco,2026-05-09,15:04:22,-07:00,2026-05-09T15:04:22-07:00,1,70
meta/main.js,67,js,d94eac02,Francisco,2026-05-09,15:04:22,-07:00,2026-05-09T15:04:22-07:00,0,0
meta/main.js,68,js,d94eac02,Francisco,2026-05-09,15:04:22,-07:00,2026-05-09T15:04:22-07:00,0,0
meta/main.js,69,js,d94eac02,Francisco,2026-05-09,15:04:22,-07:00,2026-05-09T15:04:22-07:00,0,43
meta/main.js,70,js,d94eac02,Francisco,2026-05-09,15:04:22,-07:00,2026-05-09T15:04:22-07:00,1,60
meta/main.js,71,js,d94eac02,Francisco,2026-05-09,15:04:22,-07:00,2026-05-09T15:04:22-07:00,0,0
meta/main.js,72,js,d94eac02,Francisco,2026-05-09,15:04:22,-07:00,2026-05-09T15:04:22-07:00,0,0
meta/main.js,73,js,d94eac02,Francisco,2026-05-09,15:04:22,-07:00,2026-05-09T15:04:22-07:00,0,37
meta/main.js,74,js,d94eac02,Francisco,2026-05-09,15:04:22,-07:00,2026-05-09T15:04:22-07:00,1,56
meta/main.js,75,js,d94eac02,Francisco,2026-05-09,15:04:22,-07:00,2026-05-09T15:04:22-07:00,1,45
meta/main.js,76,js,d94eac02,Francisco,2026-05-09,15:04:22,-07:00,2026-05-09T15:04:22-07:00,1,44
meta/main.js,77,js,d94eac02,Francisco,2026-05-09,15:04:22,-07:00,2026-05-09T15:04:22-07:00,0,0
meta/main.js,78,js,d94eac02,Francisco,2026-05-09,15:04:22,-07:00,2026-05-09T15:04:22-07:00,0,0
meta/main.js,79,js,d94eac02,Francisco,2026-05-09,15:04:22,-07:00,2026-05-09T15:04:22-07:00,0,44
meta/main.js,80,js,d94eac02,Francisco,2026-05-09,15:04:22,-07:00,2026-05-09T15:04:22-07:00,1,27
meta/main.js,81,js,d94eac02,Francisco,2026-05-09,15:04:22,-07:00,2026-05-09T15:04:22-07:00,1,37
meta/main.js,82,js,d94eac02,Francisco,2026-05-09,15:04:22,-07:00,2026-05-09T15:04:22-07:00,1,33
meta/main.js,83,js,d94eac02,Francisco,2026-05-09,15:04:22,-07:00,2026-05-09T15:04:22-07:00,1,33
meta/main.js,84,js,d94eac02,Francisco,2026-05-09,15:04:22,-07:00,2026-05-09T15:04:22-07:00,1,50
meta/main.js,85,js,d94eac02,Francisco,2026-05-09,15:04:22,-07:00,2026-05-09T15:04:22-07:00,0,0
meta/main.js,86,js,d94eac02,Francisco,2026-05-09,15:04:22,-07:00,2026-05-09T15:04:22-07:00,0,0
meta/main.js,87,js,d94eac02,Francisco,2026-05-09,15:04:22,-07:00,2026-05-09T15:04:22-07:00,0,40
meta/main.js,88,js,d94eac02,Francisco,2026-05-09,15:04:22,-07:00,2026-05-09T15:04:22-07:00,1,31
meta/main.js,89,js,d94eac02,Francisco,2026-05-09,15:04:22,-07:00,2026-05-09T15:04:22-07:00,2,53
meta/main.js,90,js,d94eac02,Francisco,2026-05-09,15:04:22,-07:00,2026-05-09T15:04:22-07:00,2,3
meta/main.js,91,js,d94eac02,Francisco,2026-05-09,15:04:22,-07:00,2026-05-09T15:04:22-07:00,1,54
meta/main.js,92,js,d94eac02,Francisco,2026-05-09,15:04:22,-07:00,2026-05-09T15:04:22-07:00,2,51
meta/main.js,93,js,d94eac02,Francisco,2026-05-09,15:04:22,-07:00,2026-05-09T15:04:22-07:00,1,21
meta/main.js,94,js,d94eac02,Francisco,2026-05-09,15:04:22,-07:00,2026-05-09T15:04:22-07:00,0,0
meta/main.js,95,js,d94eac02,Francisco,2026-05-09,15:04:22,-07:00,2026-05-09T15:04:22-07:00,0,0
meta/main.js,96,js,d94eac02,Francisco,2026-05-09,15:04:22,-07:00,2026-05-09T15:04:22-07:00,0,43
meta/main.js,97,js,d94eac02,Francisco,2026-05-09,15:04:22,-07:00,2026-05-09T15:04:22-07:00,1,31
meta/main.js,98,js,d94eac02,Francisco,2026-05-09,15:04:22,-07:00,2026-05-09T15:04:22-07:00,2,53
meta/main.js,99,js,d94eac02,Francisco,2026-05-09,15:04:22,-07:00,2026-05-09T15:04:22-07:00,2,3
meta/main.js,100,js,d94eac02,Francisco,2026-05-09,15:04:22,-07:00,2026-05-09T15:04:22-07:00,1,62
meta/main.js,101,js,d94eac02,Francisco,2026-05-09,15:04:22,-07:00,2026-05-09T15:04:22-07:00,1,33
meta/main.js,102,js,d94eac02,Francisco,2026-05-09,15:04:22,-07:00,2026-05-09T15:04:22-07:00,2,23
meta/main.js,103,js,d94eac02,Francisco,2026-05-09,15:04:22,-07:00,2026-05-09T15:04:22-07:00,2,5
meta/main.js,104,js,d94eac02,Francisco,2026-05-09,15:04:22,-07:00,2026-05-09T15:04:22-07:00,1,0
meta/main.js,105,js,d94eac02,Francisco,2026-05-09,15:04:22,-07:00,2026-05-09T15:04:22-07:00,1,52
meta/main.js,106,js,d94eac02,Francisco,2026-05-09,15:04:22,-07:00,2026-05-09T15:04:22-07:00,1,61
meta/main.js,107,js,d94eac02,Francisco,2026-05-09,15:04:22,-07:00,2026-05-09T15:04:22-07:00,1,23
meta/main.js,108,js,d94eac02,Francisco,2026-05-09,15:04:22,-07:00,2026-05-09T15:04:22-07:00,1,42
meta/main.js,109,js,d94eac02,Francisco,2026-05-09,15:04:22,-07:00,2026-05-09T15:04:22-07:00,2,38
meta/main.js,110,js,d94eac02,Francisco,2026-05-09,15:04:22,-07:00,2026-05-09T15:04:22-07:00,2,46
meta/main.js,111,js,d94eac02,Francisco,2026-05-09,15:04:22,-07:00,2026-05-09T15:04:22-07:00,2,82
meta/main.js,112,js,d94eac02,Francisco,2026-05-09,15:04:22,-07:00,2026-05-09T15:04:22-07:00,1,0
meta/main.js,113,js,d94eac02,Francisco,2026-05-09,15:04:22,-07:00,2026-05-09T15:04:22-07:00,0,0
meta/main.js,114,js,d94eac02,Francisco,2026-05-09,15:04:22,-07:00,2026-05-09T15:04:22-07:00,0,0
meta/main.js,115,js,d94eac02,Francisco,2026-05-09,15:04:22,-07:00,2026-05-09T15:04:22-07:00,0,23
meta/main.js,116,js,d94eac02,Francisco,2026-05-09,15:04:22,-07:00,2026-05-09T15:04:22-07:00,1,32
meta/main.js,117,js,d94eac02,Francisco,2026-05-09,15:04:22,-07:00,2026-05-09T15:04:22-07:00,1,80
meta/main.js,118,js,d94eac02,Francisco,2026-05-09,15:04:22,-07:00,2026-05-09T15:04:22-07:00,1,30
meta/main.js,119,js,d94eac02,Francisco,2026-05-09,15:04:22,-07:00,2026-05-09T15:04:22-07:00,1,33
meta/main.js,120,js,d94eac02,Francisco,2026-05-09,15:04:22,-07:00,2026-05-09T15:04:22-07:00,0,0
meta/main.js,121,js,d94eac02,Francisco,2026-05-09,15:04:22,-07:00,2026-05-09T15:04:22-07:00,0,0
meta/main.js,122,js,d94eac02,Francisco,2026-05-09,15:04:22,-07:00,2026-05-09T15:04:22-07:00,0,17
meta/main.js,123,js,d94eac02,Francisco,2026-05-09,15:04:22,-07:00,2026-05-09T15:04:22-07:00,0,0
meta/main.js,124,js,d94eac02,Francisco,2026-05-09,15:04:22,-07:00,2026-05-09T15:04:22-07:00,0,41
meta/main.js,125,js,d94eac02,Francisco,2026-05-09,15:04:22,-07:00,2026-05-09T15:04:22-07:00,1,17
meta/main.js,126,js,d94eac02,Francisco,2026-05-09,15:04:22,-07:00,2026-05-09T15:04:22-07:00,1,17
meta/main.js,127,js,d94eac02,Francisco,2026-05-09,15:04:22,-07:00,2026-05-09T15:04:22-07:00,1,58
meta/main.js,128,js,d94eac02,Francisco,2026-05-09,15:04:22,-07:00,2026-05-09T15:04:22-07:00,1,18
meta/main.js,129,js,d94eac02,Francisco,2026-05-09,15:04:22,-07:00,2026-05-09T15:04:22-07:00,2,14
meta/main.js,130,js,d94eac02,Francisco,2026-05-09,15:04:22,-07:00,2026-05-09T15:04:22-07:00,2,26
meta/main.js,131,js,d94eac02,Francisco,2026-05-09,15:04:22,-07:00,2026-05-09T15:04:22-07:00,2,29
meta/main.js,132,js,d94eac02,Francisco,2026-05-09,15:04:22,-07:00,2026-05-09T15:04:22-07:00,2,16
meta/main.js,133,js,d94eac02,Francisco,2026-05-09,15:04:22,-07:00,2026-05-09T15:04:22-07:00,2,40
meta/main.js,134,js,d94eac02,Francisco,2026-05-09,15:04:22,-07:00,2026-05-09T15:04:22-07:00,2,42
meta/main.js,135,js,d94eac02,Francisco,2026-05-09,15:04:22,-07:00,2026-05-09T15:04:22-07:00,1,0
meta/main.js,136,js,d94eac02,Francisco,2026-05-09,15:04:22,-07:00,2026-05-09T15:04:22-07:00,0,0
meta/main.js,137,js,d94eac02,Francisco,2026-05-09,15:04:22,-07:00,2026-05-09T15:04:22-07:00,1,12
meta/main.js,138,js,d94eac02,Francisco,2026-05-09,15:04:22,-07:00,2026-05-09T15:04:22-07:00,2,15
meta/main.js,139,js,d94eac02,Francisco,2026-05-09,15:04:22,-07:00,2026-05-09T15:04:22-07:00,2,12
meta/main.js,140,js,d94eac02,Francisco,2026-05-09,15:04:22,-07:00,2026-05-09T15:04:22-07:00,2,40
meta/main.js,141,js,d94eac02,Francisco,2026-05-09,15:04:22,-07:00,2026-05-09T15:04:22-07:00,2,28
meta/main.js,142,js,d94eac02,Francisco,2026-05-09,15:04:22,-07:00,2026-05-09T15:04:22-07:00,0,0
meta/main.js,143,js,d94eac02,Francisco,2026-05-09,15:04:22,-07:00,2026-05-09T15:04:22-07:00,1,21
meta/main.js,144,js,d94eac02,Francisco,2026-05-09,15:04:22,-07:00,2026-05-09T15:04:22-07:00,2,44
meta/main.js,145,js,d94eac02,Francisco,2026-05-09,15:04:22,-07:00,2026-05-09T15:04:22-07:00,2,41
meta/main.js,146,js,d94eac02,Francisco,2026-05-09,15:04:22,-07:00,2026-05-09T15:04:22-07:00,2,6
meta/main.js,147,js,d94eac02,Francisco,2026-05-09,15:04:22,-07:00,2026-05-09T15:04:22-07:00,0,0
meta/main.js,148,js,d94eac02,Francisco,2026-05-09,15:04:22,-07:00,2026-05-09T15:04:22-07:00,1,23
meta/main.js,149,js,d94eac02,Francisco,2026-05-09,15:04:22,-07:00,2026-05-09T15:04:22-07:00,2,14
meta/main.js,150,js,d94eac02,Francisco,2026-05-09,15:04:22,-07:00,2026-05-09T15:04:22-07:00,2,42
meta/main.js,151,js,d94eac02,Francisco,2026-05-09,15:04:22,-07:00,2026-05-09T15:04:22-07:00,0,0
meta/main.js,152,js,d94eac02,Francisco,2026-05-09,15:04:22,-07:00,2026-05-09T15:04:22-07:00,1,58
meta/main.js,153,js,d94eac02,Francisco,2026-05-09,15:04:22,-07:00,2026-05-09T15:04:22-07:00,2,53
meta/main.js,154,js,d94eac02,Francisco,2026-05-09,15:04:22,-07:00,2026-05-09T15:04:22-07:00,1,77
meta/main.js,155,js,d94eac02,Francisco,2026-05-09,15:04:22,-07:00,2026-05-09T15:04:22-07:00,0,0
meta/main.js,156,js,d94eac02,Francisco,2026-05-09,15:04:22,-07:00,2026-05-09T15:04:22-07:00,1,13
meta/main.js,157,js,d94eac02,Francisco,2026-05-09,15:04:22,-07:00,2026-05-09T15:04:22-07:00,2,54
meta/main.js,158,js,d94eac02,Francisco,2026-05-09,15:04:22,-07:00,2026-05-09T15:04:22-07:00,2,27
meta/main.js,159,js,d94eac02,Francisco,2026-05-09,15:04:22,-07:00,2026-05-09T15:04:22-07:00,0,0
meta/main.js,160,js,d94eac02,Francisco,2026-05-09,15:04:22,-07:00,2026-05-09T15:04:22-07:00,1,13
meta/main.js,161,js,d94eac02,Francisco,2026-05-09,15:04:22,-07:00,2026-05-09T15:04:22-07:00,2,52
meta/main.js,162,js,d94eac02,Francisco,2026-05-09,15:04:22,-07:00,2026-05-09T15:04:22-07:00,2,84
meta/main.js,163,js,d94eac02,Francisco,2026-05-09,15:04:22,-07:00,2026-05-09T15:04:22-07:00,0,0
meta/main.js,164,js,d94eac02,Francisco,2026-05-09,15:04:22,-07:00,2026-05-09T15:04:22-07:00,1,59
meta/main.js,165,js,d94eac02,Francisco,2026-05-09,15:04:22,-07:00,2026-05-09T15:04:22-07:00,1,67
meta/main.js,166,js,d94eac02,Francisco,2026-05-09,15:04:22,-07:00,2026-05-09T15:04:22-07:00,1,72
meta/main.js,167,js,d94eac02,Francisco,2026-05-09,15:04:22,-07:00,2026-05-09T15:04:22-07:00,0,0
meta/main.js,168,js,d94eac02,Francisco,2026-05-09,15:04:22,-07:00,2026-05-09T15:04:22-07:00,1,49
meta/main.js,169,js,d94eac02,Francisco,2026-05-09,15:04:22,-07:00,2026-05-09T15:04:22-07:00,1,22
meta/main.js,170,js,d94eac02,Francisco,2026-05-09,15:04:22,-07:00,2026-05-09T15:04:22-07:00,2,18
meta/main.js,171,js,d94eac02,Francisco,2026-05-09,15:04:22,-07:00,2026-05-09T15:04:22-07:00,2,13
meta/main.js,172,js,d94eac02,Francisco,2026-05-09,15:04:22,-07:00,2026-05-09T15:04:22-07:00,2,36
meta/main.js,173,js,d94eac02,Francisco,2026-05-09,15:04:22,-07:00,2026-05-09T15:04:22-07:00,2,36
meta/main.js,174,js,d94eac02,Francisco,2026-05-09,15:04:22,-07:00,2026-05-09T15:04:22-07:00,2,37
meta/main.js,175,js,d94eac02,Francisco,2026-05-09,15:04:22,-07:00,2026-05-09T15:04:22-07:00,2,24
meta/main.js,176,js,d94eac02,Francisco,2026-05-09,15:04:22,-07:00,2026-05-09T15:04:22-07:00,2,25
meta/main.js,177,js,d94eac02,Francisco,2026-05-09,15:04:22,-07:00,2026-05-09T15:04:22-07:00,2,36
meta/main.js,178,js,d94eac02,Francisco,2026-05-09,15:04:22,-07:00,2026-05-09T15:04:22-07:00,3,54
meta/main.js,179,js,d94eac02,Francisco,2026-05-09,15:04:22,-07:00,2026-05-09T15:04:22-07:00,3,27
meta/main.js,180,js,d94eac02,Francisco,2026-05-09,15:04:22,-07:00,2026-05-09T15:04:22-07:00,3,28
meta/main.js,181,js,d94eac02,Francisco,2026-05-09,15:04:22,-07:00,2026-05-09T15:04:22-07:00,3,27
meta/main.js,182,js,d94eac02,Francisco,2026-05-09,15:04:22,-07:00,2026-05-09T15:04:22-07:00,2,0
meta/main.js,183,js,d94eac02,Francisco,2026-05-09,15:04:22,-07:00,2026-05-09T15:04:22-07:00,2,28
meta/main.js,184,js,d94eac02,Francisco,2026-05-09,15:04:22,-07:00,2026-05-09T15:04:22-07:00,3,56
meta/main.js,185,js,d94eac02,Francisco,2026-05-09,15:04:22,-07:00,2026-05-09T15:04:22-07:00,3,29
meta/main.js,186,js,d94eac02,Francisco,2026-05-09,15:04:22,-07:00,2026-05-09T15:04:22-07:00,2,1
meta/main.js,187,js,d94eac02,Francisco,2026-05-09,15:04:22,-07:00,2026-05-09T15:04:22-07:00,0,0
meta/main.js,188,js,d94eac02,Francisco,2026-05-09,15:04:22,-07:00,2026-05-09T15:04:22-07:00,1,6
meta/main.js,189,js,d94eac02,Francisco,2026-05-09,15:04:22,-07:00,2026-05-09T15:04:22-07:00,1,50
meta/main.js,190,js,d94eac02,Francisco,2026-05-09,15:04:22,-07:00,2026-05-09T15:04:22-07:00,1,43
meta/main.js,191,js,d94eac02,Francisco,2026-05-09,15:04:22,-07:00,2026-05-09T15:04:22-07:00,0,0
meta/main.js,192,js,d94eac02,Francisco,2026-05-09,15:04:22,-07:00,2026-05-09T15:04:22-07:00,0,0
meta/main.js,193,js,d94eac02,Francisco,2026-05-09,15:04:22,-07:00,2026-05-09T15:04:22-07:00,0,26
meta/main.js,194,js,d94eac02,Francisco,2026-05-09,15:04:22,-07:00,2026-05-09T15:04:22-07:00,0,33
meta/main.js,195,js,d94eac02,Francisco,2026-05-09,15:04:22,-07:00,2026-05-09T15:04:22-07:00,0,30
meta/main.js,196,js,d94eac02,Francisco,2026-05-09,15:04:22,-07:00,2026-05-09T15:04:22-07:00,0,31
meta/index.html,1,html,7e643bd4,Francisco,2026-05-09,14:40:42,-07:00,2026-05-09T14:40:42-07:00,0,13
meta/index.html,2,html,7e643bd4,Francisco,2026-05-09,14:40:42,-07:00,2026-05-09T14:40:42-07:00,0,14
meta/index.html,3,html,7e643bd4,Francisco,2026-05-09,14:40:42,-07:00,2026-05-09T14:40:42-07:00,0,4
meta/index.html,4,html,7e643bd4,Francisco,2026-05-09,14:40:42,-07:00,2026-05-09T14:40:42-07:00,1,20
meta/index.html,5,html,7e643bd4,Francisco,2026-05-09,14:40:42,-07:00,2026-05-09T14:40:42-07:00,1,68
meta/index.html,6,html,7e643bd4,Francisco,2026-05-09,14:40:42,-07:00,2026-05-09T14:40:42-07:00,1,41
meta/index.html,7,html,7e643bd4,Francisco,2026-05-09,14:40:42,-07:00,2026-05-09T14:40:42-07:00,1,41
meta/index.html,8,html,7e643bd4,Francisco,2026-05-09,14:40:42,-07:00,2026-05-09T14:40:42-07:00,1,48
meta/index.html,9,html,7e643bd4,Francisco,2026-05-09,14:40:42,-07:00,2026-05-09T14:40:42-07:00,0,5
meta/index.html,10,html,7e643bd4,Francisco,2026-05-09,14:40:42,-07:00,2026-05-09T14:40:42-07:00,0,4
meta/index.html,11,html,7e643bd4,Francisco,2026-05-09,14:40:42,-07:00,2026-05-09T14:40:42-07:00,1,11
meta/index.html,12,html,7e643bd4,Francisco,2026-05-09,14:40:42,-07:00,2026-05-09T14:40:42-07:00,1,61
meta/index.html,13,html,7e643bd4,Francisco,2026-05-09,14:40:42,-07:00,2026-05-09T14:40:42-07:00,1,20
meta/index.html,14,html,d94eac02,Francisco,2026-05-09,15:04:22,-07:00,2026-05-09T15:04:22-07:00,1,29
meta/index.html,15,html,d94eac02,Francisco,2026-05-09,15:04:22,-07:00,2026-05-09T15:04:22-07:00,1,20
meta/index.html,16,html,d94eac02,Francisco,2026-05-09,15:04:22,-07:00,2026-05-09T15:04:22-07:00,1,45
meta/index.html,17,html,d94eac02,Francisco,2026-05-09,15:04:22,-07:00,2026-05-09T15:04:22-07:00,1,45
meta/index.html,18,html,d94eac02,Francisco,2026-05-09,15:04:22,-07:00,2026-05-09T15:04:22-07:00,1,50
meta/index.html,19,html,d94eac02,Francisco,2026-05-09,15:04:22,-07:00,2026-05-09T15:04:22-07:00,2,13
meta/index.html,20,html,d94eac02,Francisco,2026-05-09,15:04:22,-07:00,2026-05-09T15:04:22-07:00,2,55
meta/index.html,21,html,d94eac02,Francisco,2026-05-09,15:04:22,-07:00,2026-05-09T15:04:22-07:00,2,11
meta/index.html,22,html,d94eac02,Francisco,2026-05-09,15:04:22,-07:00,2026-05-09T15:04:22-07:00,2,24
meta/index.html,23,html,d94eac02,Francisco,2026-05-09,15:04:22,-07:00,2026-05-09T15:04:22-07:00,2,11
meta/index.html,24,html,d94eac02,Francisco,2026-05-09,15:04:22,-07:00,2026-05-09T15:04:22-07:00,2,24
meta/index.html,25,html,d94eac02,Francisco,2026-05-09,15:04:22,-07:00,2026-05-09T15:04:22-07:00,2,19
meta/index.html,26,html,d94eac02,Francisco,2026-05-09,15:04:22,-07:00,2026-05-09T15:04:22-07:00,2,25
meta/index.html,27,html,d94eac02,Francisco,2026-05-09,15:04:22,-07:00,2026-05-09T15:04:22-07:00,1,3
meta/index.html,28,html,d94eac02,Francisco,2026-05-09,15:04:22,-07:00,2026-05-09T15:04:22-07:00,1,43
meta/index.html,29,html,7e643bd4,Francisco,2026-05-09,14:40:42,-07:00,2026-05-09T14:40:42-07:00,0,5
meta/index.html,30,html,7e643bd4,Francisco,2026-05-09,14:40:42,-07:00,2026-05-09T14:40:42-07:00,0,5
cv/index.html,1,html,6fa30673,Francisco,2026-04-03,20:35:08,-07:00,2026-04-03T20:35:08-07:00,0,13
cv/index.html,2,html,6fa30673,Francisco,2026-04-03,20:35:08,-07:00,2026-04-03T20:35:08-07:00,0,14
cv/index.html,3,html,6fa30673,Francisco,2026-04-03,20:35:08,-07:00,2026-04-03T20:35:08-07:00,0,4
cv/index.html,4,html,6fa30673,Francisco,2026-04-03,20:35:08,-07:00,2026-04-03T20:35:08-07:00,2,20
cv/index.html,5,html,6fa30673,Francisco,2026-04-03,20:35:08,-07:00,2026-04-03T20:35:08-07:00,2,68
cv/index.html,6,html,6fa30673,Francisco,2026-04-03,20:35:08,-07:00,2026-04-03T20:35:08-07:00,2,26
cv/index.html,7,html,6fa30673,Francisco,2026-04-03,20:35:08,-07:00,2026-04-03T20:35:08-07:00,2,41
cv/index.html,8,html,a901d952,Francisco,2026-04-18,20:09:03,-07:00,2026-04-18T20:09:03-07:00,2,48
cv/index.html,9,html,6fa30673,Francisco,2026-04-03,20:35:08,-07:00,2026-04-03T20:35:08-07:00,0,5
cv/index.html,10,html,c5cedf13,Francisco,2026-04-10,21:05:01,-07:00,2026-04-10T21:05:01-07:00,0,15
cv/index.html,11,html,a901d952,Francisco,2026-04-18,20:09:03,-07:00,2026-04-18T20:09:03-07:00,1,0
cv/index.html,12,html,6fa30673,Francisco,2026-04-03,20:35:08,-07:00,2026-04-03T20:35:08-07:00,2,21
cv/index.html,13,html,6fa30673,Francisco,2026-04-03,20:35:08,-07:00,2026-04-03T20:35:08-07:00,2,39
cv/index.html,14,html,6fa30673,Francisco,2026-04-03,20:35:08,-07:00,2026-04-03T20:35:08-07:00,0,0
cv/index.html,15,html,6fa30673,Francisco,2026-04-03,20:35:08,-07:00,2026-04-03T20:35:08-07:00,2,7
cv/index.html,16,html,6fa30673,Francisco,2026-04-03,20:35:08,-07:00,2026-04-03T20:35:08-07:00,4,16
cv/index.html,17,html,6fa30673,Francisco,2026-04-03,20:35:08,-07:00,2026-04-03T20:35:08-07:00,4,7
cv/index.html,18,html,6fa30673,Francisco,2026-04-03,20:35:08,-07:00,2026-04-03T20:35:08-07:00,6,19
cv/index.html,19,html,6fa30673,Francisco,2026-04-03,20:35:08,-07:00,2026-04-03T20:35:08-07:00,6,42
cv/index.html,20,html,6fa30673,Francisco,2026-04-03,20:35:08,-07:00,2026-04-03T20:35:08-07:00,6,104
cv/index.html,21,html,6fa30673,Francisco,2026-04-03,20:35:08,-07:00,2026-04-03T20:35:08-07:00,4,8
cv/index.html,22,html,6fa30673,Francisco,2026-04-03,20:35:08,-07:00,2026-04-03T20:35:08-07:00,4,7
cv/index.html,23,html,6fa30673,Francisco,2026-04-03,20:35:08,-07:00,2026-04-03T20:35:08-07:00,6,25
cv/index.html,24,html,6fa30673,Francisco,2026-04-03,20:35:08,-07:00,2026-04-03T20:35:08-07:00,6,44
cv/index.html,25,html,6fa30673,Francisco,2026-04-03,20:35:08,-07:00,2026-04-03T20:35:08-07:00,6,108
cv/index.html,26,html,6fa30673,Francisco,2026-04-03,20:35:08,-07:00,2026-04-03T20:35:08-07:00,4,8
cv/index.html,27,html,6fa30673,Francisco,2026-04-03,20:35:08,-07:00,2026-04-03T20:35:08-07:00,4,7
cv/index.html,28,html,6fa30673,Francisco,2026-04-03,20:35:08,-07:00,2026-04-03T20:35:08-07:00,6,24
cv/index.html,29,html,6fa30673,Francisco,2026-04-03,20:35:08,-07:00,2026-04-03T20:35:08-07:00,6,42
cv/index.html,30,html,6fa30673,Francisco,2026-04-03,20:35:08,-07:00,2026-04-03T20:35:08-07:00,6,105
cv/index.html,31,html,6fa30673,Francisco,2026-04-03,20:35:08,-07:00,2026-04-03T20:35:08-07:00,4,8
cv/index.html,32,html,6fa30673,Francisco,2026-04-03,20:35:08,-07:00,2026-04-03T20:35:08-07:00,2,8
cv/index.html,33,html,6fa30673,Francisco,2026-04-03,20:35:08,-07:00,2026-04-03T20:35:08-07:00,0,0
cv/index.html,34,html,6fa30673,Francisco,2026-04-03,20:35:08,-07:00,2026-04-03T20:35:08-07:00,2,7
cv/index.html,35,html,6fa30673,Francisco,2026-04-03,20:35:08,-07:00,2026-04-03T20:35:08-07:00,4,13
cv/index.html,36,html,6fa30673,Francisco,2026-04-03,20:35:08,-07:00,2026-04-03T20:35:08-07:00,4,2
cv/index.html,37,html,6fa30673,Francisco,2026-04-03,20:35:08,-07:00,2026-04-03T20:35:08-07:00,6,32
cv/index.html,38,html,6fa30673,Francisco,2026-04-03,20:35:08,-07:00,2026-04-03T20:35:08-07:00,6,32
cv/index.html,39,html,6fa30673,Francisco,2026-04-03,20:35:08,-07:00,2026-04-03T20:35:08-07:00,4,3
cv/index.html,40,html,6fa30673,Francisco,2026-04-03,20:35:08,-07:00,2026-04-03T20:35:08-07:00,2,8
cv/index.html,41,html,6fa30673,Francisco,2026-04-03,20:35:08,-07:00,2026-04-03T20:35:08-07:00,0,0
cv/index.html,42,html,6fa30673,Francisco,2026-04-03,20:35:08,-07:00,2026-04-03T20:35:08-07:00,2,7
cv/index.html,43,html,6fa30673,Francisco,2026-04-03,20:35:08,-07:00,2026-04-03T20:35:08-07:00,4,22
cv/index.html,44,html,6fa30673,Francisco,2026-04-03,20:35:08,-07:00,2026-04-03T20:35:08-07:00,4,7
cv/index.html,45,html,6fa30673,Francisco,2026-04-03,20:35:08,-07:00,2026-04-03T20:35:08-07:00,6,69
cv/index.html,46,html,6fa30673,Francisco,2026-04-03,20:35:08,-07:00,2026-04-03T20:35:08-07:00,6,106
cv/index.html,47,html,6fa30673,Francisco,2026-04-03,20:35:08,-07:00,2026-04-03T20:35:08-07:00,6,2
cv/index.html,48,html,6fa30673,Francisco,2026-04-03,20:35:08,-07:00,2026-04-03T20:35:08-07:00,8,104
cv/index.html,49,html,6fa30673,Francisco,2026-04-03,20:35:08,-07:00,2026-04-03T20:35:08-07:00,8,84
cv/index.html,50,html,6fa30673,Francisco,2026-04-03,20:35:08,-07:00,2026-04-03T20:35:08-07:00,8,76
cv/index.html,51,html,6fa30673,Francisco,2026-04-03,20:35:08,-07:00,2026-04-03T20:35:08-07:00,6,3
cv/index.html,52,html,6fa30673,Francisco,2026-04-03,20:35:08,-07:00,2026-04-03T20:35:08-07:00,4,8
cv/index.html,53,html,6fa30673,Francisco,2026-04-03,20:35:08,-07:00,2026-04-03T20:35:08-07:00,4,7
cv/index.html,54,html,6fa30673,Francisco,2026-04-03,20:35:08,-07:00,2026-04-03T20:35:08-07:00,6,51
cv/index.html,55,html,6fa30673,Francisco,2026-04-03,20:35:08,-07:00,2026-04-03T20:35:08-07:00,6,111
cv/index.html,56,html,6fa30673,Francisco,2026-04-03,20:35:08,-07:00,2026-04-03T20:35:08-07:00,6,2
cv/index.html,57,html,6fa30673,Francisco,2026-04-03,20:35:08,-07:00,2026-04-03T20:35:08-07:00,8,75
cv/index.html,58,html,6fa30673,Francisco,2026-04-03,20:35:08,-07:00,2026-04-03T20:35:08-07:00,8,83
cv/index.html,59,html,6fa30673,Francisco,2026-04-03,20:35:08,-07:00,2026-04-03T20:35:08-07:00,6,3
cv/index.html,60,html,6fa30673,Francisco,2026-04-03,20:35:08,-07:00,2026-04-03T20:35:08-07:00,4,8
cv/index.html,61,html,6fa30673,Francisco,2026-04-03,20:35:08,-07:00,2026-04-03T20:35:08-07:00,4,7
cv/index.html,62,html,6fa30673,Francisco,2026-04-03,20:35:08,-07:00,2026-04-03T20:35:08-07:00,6,72
cv/index.html,63,html,6fa30673,Francisco,2026-04-03,20:35:08,-07:00,2026-04-03T20:35:08-07:00,6,102
cv/index.html,64,html,6fa30673,Francisco,2026-04-03,20:35:08,-07:00,2026-04-03T20:35:08-07:00,6,2
cv/index.html,65,html,6fa30673,Francisco,2026-04-03,20:35:08,-07:00,2026-04-03T20:35:08-07:00,8,75
cv/index.html,66,html,6fa30673,Francisco,2026-04-03,20:35:08,-07:00,2026-04-03T20:35:08-07:00,8,70
cv/index.html,67,html,6fa30673,Francisco,2026-04-03,20:35:08,-07:00,2026-04-03T20:35:08-07:00,6,3
cv/index.html,68,html,6fa30673,Francisco,2026-04-03,20:35:08,-07:00,2026-04-03T20:35:08-07:00,4,8
cv/index.html,69,html,6fa30673,Francisco,2026-04-03,20:35:08,-07:00,2026-04-03T20:35:08-07:00,4,7
cv/index.html,70,html,6fa30673,Francisco,2026-04-03,20:35:08,-07:00,2026-04-03T20:35:08-07:00,6,49
cv/index.html,71,html,6fa30673,Francisco,2026-04-03,20:35:08,-07:00,2026-04-03T20:35:08-07:00,6,68
cv/index.html,72,html,6fa30673,Francisco,2026-04-03,20:35:08,-07:00,2026-04-03T20:35:08-07:00,6,2
cv/index.html,73,html,6fa30673,Francisco,2026-04-03,20:35:08,-07:00,2026-04-03T20:35:08-07:00,8,84
cv/index.html,74,html,6fa30673,Francisco,2026-04-03,20:35:08,-07:00,2026-04-03T20:35:08-07:00,8,73
cv/index.html,75,html,6fa30673,Francisco,2026-04-03,20:35:08,-07:00,2026-04-03T20:35:08-07:00,6,3
cv/index.html,76,html,6fa30673,Francisco,2026-04-03,20:35:08,-07:00,2026-04-03T20:35:08-07:00,4,8
cv/index.html,77,html,6fa30673,Francisco,2026-04-03,20:35:08,-07:00,2026-04-03T20:35:08-07:00,2,8
cv/index.html,78,html,6fa30673,Francisco,2026-04-03,20:35:08,-07:00,2026-04-03T20:35:08-07:00,0,0
cv/index.html,79,html,6fa30673,Francisco,2026-04-03,20:35:08,-07:00,2026-04-03T20:35:08-07:00,2,7
cv/index.html,80,html,6fa30673,Francisco,2026-04-03,20:35:08,-07:00,2026-04-03T20:35:08-07:00,4,15
cv/index.html,81,html,6fa30673,Francisco,2026-04-03,20:35:08,-07:00,2026-04-03T20:35:08-07:00,4,7
cv/index.html,82,html,6fa30673,Francisco,2026-04-03,20:35:08,-07:00,2026-04-03T20:35:08-07:00,6,40
cv/index.html,83,html,6fa30673,Francisco,2026-04-03,20:35:08,-07:00,2026-04-03T20:35:08-07:00,6,55
cv/index.html,84,html,6fa30673,Francisco,2026-04-03,20:35:08,-07:00,2026-04-03T20:35:08-07:00,6,2
cv/index.html,85,html,6fa30673,Francisco,2026-04-03,20:35:08,-07:00,2026-04-03T20:35:08-07:00,8,90
cv/index.html,86,html,6fa30673,Francisco,2026-04-03,20:35:08,-07:00,2026-04-03T20:35:08-07:00,8,86
cv/index.html,87,html,6fa30673,Francisco,2026-04-03,20:35:08,-07:00,2026-04-03T20:35:08-07:00,6,3
cv/index.html,88,html,6fa30673,Francisco,2026-04-03,20:35:08,-07:00,2026-04-03T20:35:08-07:00,4,8
cv/index.html,89,html,6fa30673,Francisco,2026-04-03,20:35:08,-07:00,2026-04-03T20:35:08-07:00,2,8
cv/index.html,90,html,6fa30673,Francisco,2026-04-03,20:35:08,-07:00,2026-04-03T20:35:08-07:00,0,0
cv/index.html,91,html,6fa30673,Francisco,2026-04-03,20:35:08,-07:00,2026-04-03T20:35:08-07:00,2,7
cv/index.html,92,html,6fa30673,Francisco,2026-04-03,20:35:08,-07:00,2026-04-03T20:35:08-07:00,4,17
cv/index.html,93,html,6fa30673,Francisco,2026-04-03,20:35:08,-07:00,2026-04-03T20:35:08-07:00,4,7
cv/index.html,94,html,6fa30673,Francisco,2026-04-03,20:35:08,-07:00,2026-04-03T20:35:08-07:00,6,70
cv/index.html,95,html,6fa30673,Francisco,2026-04-03,20:35:08,-07:00,2026-04-03T20:35:08-07:00,6,71
cv/index.html,96,html,6fa30673,Francisco,2026-04-03,20:35:08,-07:00,2026-04-03T20:35:08-07:00,6,2
cv/index.html,97,html,6fa30673,Francisco,2026-04-03,20:35:08,-07:00,2026-04-03T20:35:08-07:00,8,80
cv/index.html,98,html,6fa30673,Francisco,2026-04-03,20:35:08,-07:00,2026-04-03T20:35:08-07:00,6,3
cv/index.html,99,html,6fa30673,Francisco,2026-04-03,20:35:08,-07:00,2026-04-03T20:35:08-07:00,4,8
cv/index.html,100,html,6fa30673,Francisco,2026-04-03,20:35:08,-07:00,2026-04-03T20:35:08-07:00,2,8
cv/index.html,101,html,6fa30673,Francisco,2026-04-03,20:35:08,-07:00,2026-04-03T20:35:08-07:00,0,5
cv/index.html,102,html,6fa30673,Francisco,2026-04-03,20:35:08,-07:00,2026-04-03T20:35:08-07:00,0,5
contact/index.html,1,html,8a17a6ad,Francisco,2026-04-03,20:20:47,-07:00,2026-04-03T20:20:47-07:00,0,13
contact/index.html,2,html,8a17a6ad,Francisco,2026-04-03,20:20:47,-07:00,2026-04-03T20:20:47-07:00,0,14
contact/index.html,3,html,8a17a6ad,Francisco,2026-04-03,20:20:47,-07:00,2026-04-03T20:20:47-07:00,0,4
contact/index.html,4,html,8a17a6ad,Francisco,2026-04-03,20:20:47,-07:00,2026-04-03T20:20:47-07:00,2,20
contact/index.html,5,html,8a17a6ad,Francisco,2026-04-03,20:20:47,-07:00,2026-04-03T20:20:47-07:00,2,68
contact/index.html,6,html,8a17a6ad,Francisco,2026-04-03,20:20:47,-07:00,2026-04-03T20:20:47-07:00,2,31
contact/index.html,7,html,8a17a6ad,Francisco,2026-04-03,20:20:47,-07:00,2026-04-03T20:20:47-07:00,2,41
contact/index.html,8,html,a901d952,Francisco,2026-04-18,20:09:03,-07:00,2026-04-18T20:09:03-07:00,2,48
contact/index.html,9,html,8a17a6ad,Francisco,2026-04-03,20:20:47,-07:00,2026-04-03T20:20:47-07:00,0,5
contact/index.html,10,html,8a17a6ad,Francisco,2026-04-03,20:20:47,-07:00,2026-04-03T20:20:47-07:00,0,4
contact/index.html,11,html,a901d952,Francisco,2026-04-18,20:09:03,-07:00,2026-04-18T20:09:03-07:00,2,0
contact/index.html,12,html,8a17a6ad,Francisco,2026-04-03,20:20:47,-07:00,2026-04-03T20:20:47-07:00,2,14
contact/index.html,13,html,c1c5d8a9,Francisco,2026-04-03,20:25:24,-07:00,2026-04-03T20:25:24-07:00,2,82
contact/index.html,14,html,c1c5d8a9,Francisco,2026-04-03,20:25:24,-07:00,2026-04-03T20:25:24-07:00,4,80
contact/index.html,15,html,c1c5d8a9,Francisco,2026-04-03,20:25:24,-07:00,2026-04-03T20:25:24-07:00,4,71
contact/index.html,16,html,c1c5d8a9,Francisco,2026-04-03,20:25:24,-07:00,2026-04-03T20:25:24-07:00,4,72
contact/index.html,17,html,c1c5d8a9,Francisco,2026-04-03,20:25:24,-07:00,2026-04-03T20:25:24-07:00,4,21
contact/index.html,18,html,c1c5d8a9,Francisco,2026-04-03,20:25:24,-07:00,2026-04-03T20:25:24-07:00,2,5
contact/index.html,19,html,8a17a6ad,Francisco,2026-04-03,20:20:47,-07:00,2026-04-03T20:20:47-07:00,0,5
contact/index.html,20,html,8a17a6ad,Francisco,2026-04-03,20:20:47,-07:00,2026-04-03T20:20:47-07:00,0,5
